sample_id,platform,title,creator,creator_followers,likes,comments,shares,favorites,duration,url,discovery_source,real_spoken,first30_available,transcript_status,duplicate_status,topic_bucket,publish_time,ad_flag,first30_text,notes
dy_7483896879999225138,douyin,对钱没有概念贫穷一辈子？ #财富 #赚钱 #社会 #消费 #财经知识,一鸣财经,330.7万,25.5万,1.9万,20.3万,6.9万,05:15,https://www.douyin.com/video/7483896879999225138,为什么赚不到钱,YES,YES,PARTIAL_CAPTION_30S,new,consume_life,2025-03-20 17:00,NO,当然多啊，你别说40万，4千我感觉都不少；30岁之前有40万，普通人的天花板。,已打开视频页；页面UI读取点赞/评论/收藏/分享与发布时间，真人出镜口播。
dy_7531763672004267306,douyin,你为什么赚不到钱的原因 任何数乘以0都等于0。无论你的能力多强，如果不采取行动，结果为0；无论你多有才华，没有用户，收入也是0。收益 = 价值 × 用户数。,姜胡说,487.3万,1.4万,645,2047,6953,02:54,https://www.douyin.com/video/7531763672004267306,为什么赚不到钱,YES,YES,PARTIAL_CAPTION_30S,duplicate,money_income,2025-07-27 07:09,NO,收益=价值×用户数；无论能力多强，如果不行动结果为0；无论多有才华，没有用户收入也是0。,已打开视频页；页面UI读取指标与发布时间，男士真人口播。 | auto: also in videos_master; reclassified duplicate
dy_7505735132305689893,douyin,第1集 | 为什么赚不到钱也存不下钱 #财商 #涨知识,公信财经,537.8万,14.1万,8527,11.1万,4.7万,05:09,https://www.douyin.com/video/7505735132305689893,为什么赚不到钱,YES,YES,PARTIAL_CAPTION_30S,new,money_income,2025-05-18 03:49,NO,你觉得的40万存款多吗？（页面可见字幕）,已打开视频页；页面UI读取指标与发布时间，真人出镜口播。
dy_7309415500583357708,douyin,您知道普通人为啥赚不到钱吗？#认知 #人间清醒 #干货分享 #开悟人生 #人生经验,大齐智库,988,4,4,3,1,03:59,https://www.douyin.com/video/7309415500583357708,为什么赚不到钱,YES,YES,PARTIAL_CAPTION_30S,new,money_income,2023-12-06 01:45,UNKNOWN,普通人为啥赚不到钱吗？（页面标题及视频字幕主题）,已打开视频页；页面UI读取指标与发布时间；描述含多个推广账号标签，广告性质未明确。
dy_7261185806897810727,douyin,为什么你赚不到钱？看到最后，刷新你的认知！！！#商业 #商业思维 #认知 #赚钱,看不见的商机,1.1万,17,2,NULL,6,03:02,https://www.douyin.com/video/7261185806897810727,为什么赚不到钱,YES,YES,PARTIAL_CAPTION_30S,new,money_income,2023-07-29 05:30,NO,这个差价代表着啥（页面可见字幕）。,已打开视频页；页面UI显示分享数缺失，未补写。
dy_7308739494612634930,douyin,赚不到钱是有原因#赚钱思维 #认知 #创业,叶梵创业说,86,4,2,NULL,NULL,02:59,https://www.douyin.com/video/7308739494612634930,为什么赚不到钱,YES,YES,PARTIAL_CAPTION_30S,new,side_startup,2023-12-04 06:02,NO,你要好好的想一下；就已经把利润……（页面可见字幕）。,已打开视频页；收藏/分享数在页面UI未显示，未补写。
dy_7008837649280634143,douyin,赚不到钱的三个原因#思维 #赚钱 #干货 #认知,财经舔狗（兼职保护恋爱脑）,3.5万,21,NULL,NULL,3,00:43,https://www.douyin.com/video/7008837649280634143,为什么赚不到钱,YES,YES,PARTIAL_CAPTION_30S,new,money_income,2021-09-17 02:50,NO,你借别人的能力去赚钱啊；其实都是可以赚到钱的（页面可见字幕）。,已打开视频页；评论/分享数在页面UI未显示，未补写。
dy_7411859135555325223,douyin,月薪5000真的是低薪吗#存款 #理财 #月薪 #掘金计划,银行小姐姐,186.4万,2.1万,3034,4807,2297,01:28,https://www.douyin.com/video/7411859135555325223,工资5000,YES,YES,PARTIAL_CAPTION_30S,new,workplace_salary,2024-09-07 04:19,NO,父母一个月给一两千的生活费（页面可见字幕）。,已打开视频页；页面UI读取指标与发布时间，真人出镜口播。
dy_7449714164832029961,douyin,月入5000以上，已经超过全国95%的人了。#老百姓关心的话题 #当代打工人现状,李春华 银行/财经,315.3万,4.7万,3750,1.8万,8458,02:14,https://www.douyin.com/video/7449714164832029961,工资5000,YES,YES,PARTIAL_CAPTION_30S,new,workplace_salary,2024-12-18 03:35,NO,月收入5000以上；中金数据表明中国14亿人的月收入……（页面可见字幕）。,已打开视频页；页面UI读取指标与发布时间，真人出镜口播。
dy_7152457926291082526,douyin,第11集 | 工资5000，真的很低吗？#工资 #收入 #财经 #涨知识 #知识分享 #科普 #职场 #搞笑,郭摸鱼,51.0万,1.6万,2221,3999,1461,00:55,https://www.douyin.com/video/7152457926291082526,工资5000,YES,YES,PARTIAL_CAPTION_30S,new,workplace_salary,2022-10-09 03:30,NO,你可拉倒吧；那2020年工资中位数……（页面可见字幕）。,已打开视频页；页面UI读取指标与发布时间，真人出镜口播。
dy_7445996917940604201,douyin,普通人的真实收入是多少？来看看你在什么等级#收入 #老百姓关心的话题 #打工人 #银行 #银行小姐姐,银行小姐姐,186.4万,6.3万,1.2万,6.6万,1.7万,01:58,https://www.douyin.com/video/7445996917940604201,工资5000,YES,YES,PARTIAL_CAPTION_30S,new,workplace_salary,2024-12-08 03:11,NO,要按照家庭收入吧；有2.15亿人（页面可见字幕）。,已打开视频页；页面UI读取指标与发布时间，真人出镜口播。
dy_7644112067632434470,douyin,一条视频教会你如何挑选适合自己的副业 #职场 #副业 #副业避坑 #搞钱思维,夏鹏,846.7万,37.2万,5642,9.4万,25.1万,14:21,https://www.douyin.com/video/7644112067632434470,副业到底怎么做,YES,YES,PARTIAL_CAPTION_30S,duplicate,side_startup,2026-05-26 04:00,UNKNOWN,你一定能找到适合你的副业项目（页面可见字幕）。,已打开视频页；页面UI读取指标与发布时间；页面标注内容由AI生成但视频为真人课堂口播，含课程品牌露出，广告性质未明确。 | auto: also in videos_master; reclassified duplicate
dy_7608515921166552558,douyin,第9集 | 普通人如何在下班之后做点副业 #每天跟我涨知识 #边画边写讲知识 #职场 #职场那些事 #职场干货,我是Tina,22.0万,5.9万,1577,9575,4.3万,06:14,https://www.douyin.com/video/7608515921166552558,副业到底怎么做,YES,YES,PARTIAL_CAPTION_30S,new,side_startup,2026-02-19 02:07,NO,赚钱的本质是满足他人需求；真正的副业是能持续积累、不断增值的，而非一次性投入。,已打开视频页；页面UI读取指标与发布时间，真人出镜口播，页面章节摘要标注内容由AI生成。
dy_7546226278702058779,douyin,三招教你把闲置注意力变成钱 我们每天都有大量被闲置的注意力,姜胡说,487.3万,7.4万,2468,1.4万,5.5万,05:24,https://www.douyin.com/video/7546226278702058779,副业到底怎么做,YES,YES,PARTIAL_CAPTION_30S,new,side_startup,2025-09-04 06:32,NO,我们每天都有大量被闲置的注意力，排队、通勤、等待时都可以利用；其实这20分钟可以创造价值。第一招：通勤时间做二手闲置整理。,已打开视频页；页面UI读取指标与发布时间，真人出镜口播。
dy_7630763310963011249,douyin,普通人如何从0开启自己的第一份副业？副业最重要的是低门槛，低到能让你的第一步迈得出去就行，那你做成就是早晚的事儿！#真实生活分享计划 #副业分享 #女性智慧 #女性成长 #自我提升,向上生长 金十七,1.1万,9519,399,1776,8725,04:53,https://www.douyin.com/video/7630763310963011249,副业到底怎么做,YES,YES,PARTIAL_CAPTION_30S,new,side_startup,2026-04-20 01:58,NO,我的副业就是接私活；好像从来没想过赚钱还有别的方式（页面可见字幕）。,已打开视频页；页面UI读取指标与发布时间，真人出镜口播。
dy_7516539862460189978,douyin,不上班，一个人在家怎样赚点小钱？ #开窍 #副业,洪树,61.4万,5.7万,591,1.4万,3.8万,09:04,https://www.douyin.com/video/7516539862460189978,副业到底怎么做,YES,YES,PARTIAL_CAPTION_30S,new,side_startup,2025-06-17 05:00,NO,我在5年前……大家对于大环境的体感（页面可见字幕）。,已打开视频页；页面UI读取指标与发布时间，真人出镜口播。
dy_7532810970830327082,douyin,中产如何避免返贫 #中产 #涨知识 #经济,公信财经,537.8万,8.2万,2243,2.4万,1.7万,08:22,https://www.douyin.com/video/7532810970830327082,中产返贫,YES,YES,PARTIAL_CAPTION_30S,new,money_income,2025-07-30 02:54,NO,日本30年的经验表明，低通胀经济模式下，中产阶级面临返贫风险；现在很流行一个概念叫……,已打开视频页；页面UI读取指标与发布时间，真人出镜口播，页面章节摘要标注内容由AI生成。
dy_7526161361999727906,douyin,中产破产7件套，总有合适你的镰在等着你#破产 #存款 #财富 #消费,银行小姐姐,186.4万,5.9万,4336,4.0万,1.2万,02:25,https://www.douyin.com/video/7526161361999727906,中产返贫,YES,YES,PARTIAL_CAPTION_30S,new,consume_life,2025-07-12 04:49,NO,创业需谨慎；房贷是透支消费中最严重的，要考虑未来收入；不碰7件套，守住财富和健康。,已打开视频页；页面UI读取指标与发布时间，真人出镜口播，页面章节摘要标注内容由AI生成。
dy_7594332361479975110,douyin,人为什么会返贫 因为错把风口和运气当成个人的能力 做了太多不匹配自己能力的事,澳门豆仔,180.7万,3.5万,2719,1.1万,9596,04:46,https://www.douyin.com/video/7594332361479975110,中产返贫,YES,YES,PARTIAL_CAPTION_30S,new,money_income,2026-01-11 20:48,NO,在澳门我至少见过几千人返贫；人为什么会返贫，因为错把风口和运气当成个人的能力。,已打开视频页；页面UI读取指标与发布时间，真人出镜口播，页面章节摘要标注内容由AI生成。
dy_7585038134681816339,douyin,第3集 | 我是如何中年返贫的#真实生活分享 #创业故事 #生活vlog日常记录,熊生日记,1.1万,7.5万,1.3万,4.2万,2.1万,03:59,https://www.douyin.com/video/7585038134681816339,中产返贫,YES,YES,PARTIAL_CAPTION_30S,new,side_startup,2025-12-17 19:41,NO,手里有1000万，不算普通人吧？你可不普通；你认知以外挣得钱，都留不住。,已打开视频页；页面UI读取指标与发布时间，真人出镜口播，个人创业返贫经历。
dy_7653500257761758504,douyin,不知道做什么？去评论区找答案 不知道做什么？问题不在方向，在找需求的方法。普通人赚钱只有一条路：帮别人解决问题。,姜胡说,487.3万,1.4万,501,1918,9010,05:53,https://www.douyin.com/video/7653500257761758504,副业到底怎么做,YES,YES,PARTIAL_CAPTION_30S,new,side_startup,2026-06-20 08:30,NO,不知道做什么？问题不在方向，在找需求的方法。普通人赚钱只有一条路：帮别人解决问题。反常识：不是先有技能再找用户，而是先有需求再匹配技能。,已打开视频页；页面UI读取指标与发布时间，真人出镜口播。
dy_7677550582052006309,douyin,如果你快熬不下去，不妨来听听我的经历 从财富自由到负债千万#记录真实生活 #创业 #破产 #中年返贫,火吧老板娘,72.0万,2411,823,237,146,05:48,https://www.douyin.com/video/7677550582052006309,中产返贫,YES,YES,PARTIAL_CAPTION_30S,new,side_startup,2026-08-24 03:57,UNKNOWN,40岁负债1000万，从财富自由到中年返贫；直播3000多场次，拥有70多万购买者。,已打开视频页；页面UI读取指标与发布时间，真人出镜口播；页面标注内容由AI生成。
dy_7531763672004267306,douyin,你为什么赚不到钱的原因 任何数乘以0都等于0。无论你的能力多强，如果不采取行动，结果为0；无论你多有才华，没有用户，收入也是0。收益 = 价值 × 用户数。,姜胡说,487.3万,1.4万,645,2047,6953,02:54,https://www.douyin.com/video/7531763672004267306,为什么赚不到钱,YES,YES,PARTIAL_CAPTION_30S,duplicate,money_income,2025-07-27 07:09,NO,收益=价值×用户数；无论能力多强，如果不行动结果为0；无论多有才华，没有用户收入也是0。,更正：HISTORY_IDS含该ID；此页已读但不计入NEW。
dy_7644112067632434470,douyin,一条视频教会你如何挑选适合自己的副业 #职场 #副业 #副业避坑 #搞钱思维,夏鹏,846.7万,37.2万,5642,9.4万,25.1万,14:21,https://www.douyin.com/video/7644112067632434470,副业到底怎么做,YES,YES,PARTIAL_CAPTION_30S,duplicate,side_startup,2026-05-26 04:00,UNKNOWN,你一定能找到适合你的副业项目（页面可见字幕）。,更正：HISTORY_IDS含该ID；此页已读但不计入NEW。
dy_7664907142167743790,douyin,强烈建议每个普通人，用AI做一个属于自己的人生模型！ #AI #AI工具#普及知识#ai改变生活,胡想说,2586,1.2万,46,2090,1.2万,01:39,https://www.douyin.com/video/7664907142167743790,AI对普通人,YES,YES,PARTIAL_CAPTION_30S,new,ai_ordinary,2026-07-21 04:15,NO,建议自制力差或自由职业者使用AI制作人生模型；AI对人生有帮助。（章节要点）,已打开视频页；真人出镜口播，页面显示粉丝2586与完整互动指标。
dy_7669755393328983778,douyin,三天时间，我怎么样用AI赚到5000块钱 #个人经验分享 #AI #干货满满超实用 #内容太过真实,奥一,3.4万,2138,204,514,1779,04:42,https://www.douyin.com/video/7669755393328983778,AI副业普通人,YES,YES,PARTIAL_CAPTION_30S,new,side_startup,2026-08-03 03:48,NO,三天时间用AI赚到5000元；关键是找到需求和供应商而非技术能力。（章节要点）,已打开视频页；真人口播，个人经历分享。
dy_7651618042455142885,douyin,第1集 | 马上就能做的3个AI变现方法 不卖课，没有群，偶尔晚上回复,書生,2.6万,2.4万,827,4913,2.2万,13:24,https://www.douyin.com/video/7651618042455142885,AI副业普通人,YES,YES,PARTIAL_CAPTION_30S,new,side_startup,2026-06-15 06:45,NO,在闲鱼接照片精修订单；为自媒体提供影视解说服务；为企业提供AI应用服务。（章节要点）,已打开视频页；真人口播，页面标题明确不卖课不建群。
dy_7628080280934419763,douyin,第2集 | 普通人未来5年，最值得做的5个AI方向 #AI #AI干货 #风口 #AI风口,千狐说｜A I商业增长,3.4万,4838,717,1470,3280,05:59,https://www.douyin.com/video/7628080280934419763,AI对普通人,YES,YES,PARTIAL_CAPTION_30S,new,ai_ordinary,2026-04-23 21:25,NO,普通人未来5年可关注AI投资、身心灵+AI、AI+大健康、AI+电商和AI+不出镜视频。（章节要点）,已打开视频页；真人出镜口播，页面标注章节由AI生成。
dy_7677541875053851066,douyin,第47集 | AI 抢了你的饭碗吗？ #AI #AI抢走工作 #失业 #生产力工具 #工作流,凱文紫老頭,11.7万,133,64,14,23,01:04,https://www.douyin.com/video/7677541875053851066,AI会不会抢工作,YES,YES,PARTIAL_CAPTION_30S,new,ai_ordinary,2026-08-24 03:23,NO,AI目前未到大规模替代人力阶段，应将AI视为工具提高生产力。（章节要点）,已打开视频页；真人出镜口播，低粉高互动页面指标可见。
dy_7656647817138709489,douyin,AI把每个行业的“新手”岗都吃了，而你正好站在入口 #职场 #个人成长 #职业规划 #AI焦虑 #自我提升,藤校教不了Bill,899,21,1,1,9,04:03,https://www.douyin.com/video/7656647817138709489,AI会不会抢工作,YES,YES,PARTIAL_CAPTION_30S,new,ai_ordinary,2026-06-28 20:04,NO,AI专门抢走行业新手岗；利用AI陪练和快速熟悉行业帮助新手成长。（章节要点）,已打开视频页；真人出镜口播；作者声明拍摄于加拿大。
dy_7618174031564492073,douyin,卖菜一年能挣多少 #蔬菜 #蔬菜的搬运工 #三农 #菜市场 #真实生活记录,南京众彩蔬菜搬运工,8592,2260,799,934,890,00:43,https://www.douyin.com/video/7618174031564492073,菜市场赚钱,YES,YES,PARTIAL_CAPTION_30S,new,money_income,2026-03-17 15:18,NO,你以为那么好卖吗？累死你；房租4000；能卖三千都去卖菜了。（页面可见字幕）,已打开视频页；真人/真人旁白口播，页面显示粉丝8592。
dy_7347154682919259427,douyin,菜市场里那些不起眼又赚钱的生意#创作灵感 #菜市场 #干货分享 #农贸市场 #创业,首阳市集郭伟,4.0万,4205,501,1558,2110,01:56,https://www.douyin.com/video/7347154682919259427,菜市场赚钱,YES,NO,transcript_missing,new,side_startup,2024-03-16 19:32,NO,NULL,已打开视频页；真人出镜口播，页面未显示可可靠截取的前30秒字幕。
dy_7391079145012235560,douyin,在杭州打工房租真的是大头！！太贵了，别太离谱 #日常唠嗑 #租房,阿桢桢,7.8万,1.8万,9341,2.0万,1931,02:20,https://www.douyin.com/video/7391079145012235560,房租太贵,YES,YES,PARTIAL_CAPTION_30S,new,consume_life,2024-07-13 04:22,NO,租房真的……（页面可见字幕）,已打开视频页；真人出镜口播，页面显示粉丝7.8万。
dy_7366570843213679883,douyin,第36集 | 在北京租房有多困难 #真实还原 #北京人 #北京 #胖铮 #北京租房 @DOU+小助手,胖铮,45.3万,8.3万,1.8万,2.8万,2495,00:39,https://www.douyin.com/video/7366570843213679883,房租太贵,YES,YES,PARTIAL_CAPTION_30S,new,consume_life,2024-05-08 03:17,NO,石景山可没这么便宜的；大兴这边3000租不到。（页面可见字幕）,已打开视频页；真人出镜口播，作者声明虚构演绎仅供娱乐。
dy_7683830660448988133,douyin,20岁房租13万每天睁眼欠350。实体人的进退两难！#创业真实感受分享 #实体店 #努力赚房租,乔乔张,33,47,8,3,3,02:09,https://www.douyin.com/video/7683830660448988133,房租太贵,YES,YES,PARTIAL_CAPTION_30S,new,side_startup,2026-09-10 02:07,NO,实体店房租从13万涨到16万又降回13万；每天睁眼欠350。（章节要点）,已打开视频页；真人出镜口播，低粉高互动。
dy_7482898570136341794,douyin,普通人如何轻松实现日入过千#记录创业生活 #抖音助农 #服务三农 #原创视频,大海说农业,1.6万,2.5万,433,6070,1.7万,02:19,https://www.douyin.com/video/7482898570136341794,菜市场赚钱,YES,YES,PARTIAL_CAPTION_30S,new,side_startup,2025-03-17 14:49,NO,凌晨4点17分；当日领还在梦乡。（页面可见字幕）,已打开视频页；真人旁白/实拍农业创业口播。
dy_7678295009037206395,douyin,这种打法模式任何行业都能用。 #小毅搞钱思路 #摆摊创业 #心理战术,小毅,47.5万,4.6万,1706,1.1万,1.1万,00:57,https://www.douyin.com/video/7678295009037206395,摆摊赚钱,YES,YES,PARTIAL_CAPTION_30S,new,side_startup,2026-08-26 04:06,NO,成本400；卖500；赚吆喝？这种打法模式任何行业都能用。（页面可见字幕）,已打开视频页；真人出镜口播，页面显示完整互动指标。
dy_7626713134594606207,douyin,你能月入1万，并且还能攒下来，就已经超越了大部分人。#月薪 #工资,钰淑的世界,6249,1215,871,604,259,01:54,https://www.douyin.com/video/7626713134594606207,月薪10000什么水平,YES,YES,PARTIAL_CAPTION_30S,new,consume_life,2026-04-09 04:02,NO,月入一万在不同城市和生活状况下水平差异很大；学会攒钱至关重要。（章节要点）,已打开视频页；真人出镜口播，页面显示粉丝6249。
dy_7198114625114705213,douyin,月入1万，在中国啥水平 #收入 #工资 #打工人,公信财经,537.8万,13.6万,1.4万,1.6万,1.1万,03:59,https://www.douyin.com/video/7198114625114705213,月薪10000什么水平,YES,NO,transcript_missing,new,workplace_salary,2023-02-09 03:21,NO,NULL,已打开视频页；真人出镜口播，页面指标完整。
dy_7195820743966395709,douyin,#在中国月入1万是什么水平 #消费 #专家谈年轻人抱怨工资低 月入一万 有人刚够花 有人紧巴巴,主持人阿喆,868.6万,4.4万,7988,2.0万,3836,01:00,https://www.douyin.com/video/7195820743966395709,月薪10000什么水平,YES,NO,transcript_missing,new,consume_life,2023-02-02 22:59,NO,NULL,已打开视频页；真人出镜口播，页面指标完整。
dy_7553519369038351667,douyin,你的收入，在哪一级？ 数据来源：中金，月收入指家庭人均收入#内容太过真实 #收入 #金融常识 #商业思维 #掘金计划2025,臻臻说金融,28.8万,10.8万,1.6万,8.9万,4.1万,05:17,https://www.douyin.com/video/7553519369038351667,说白了 工资,YES,YES,PARTIAL_CAPTION_30S,new,workplace_salary,2025-09-23 22:13,NO,国家统计部门将月收入分为11个等级；月收入低于5000元的人占总人口94.87%。（章节要点）,已打开视频页；真人出镜口播，页面标注内容来源于网络。
dy_7650127724900567717,douyin,北京月薪一万是穷还是富 #北京#北京月薪#薪酬企业管理#薪酬绩效,北大校友冯涛讲分钱,1.6万,1048,199,1132,684,03:52,https://www.douyin.com/video/7650127724900567717,月薪10000什么水平,YES,YES,PARTIAL_CAPTION_30S,new,workplace_salary,2026-06-11 06:22,NO,北京月薪1万处于普通水平，超过一半上班族但生活成本高，难以存钱。（章节要点）,已打开视频页；真人出镜口播。
dy_7024095543651536164,douyin,月薪一万在中国是什么水平，答案一定出乎你的意料#赚钱 #认知#收入 #月薪上万,欣燃|高客单IP,5988,670,140,1036,113,00:43,https://www.douyin.com/video/7024095543651536164,月薪10000什么水平,YES,NO,transcript_missing,new,consume_life,2021-10-28 05:38,NO,NULL,已打开视频页；真人出镜口播，低粉高互动。
dy_7450082959698201871,douyin,普通人的真实收入是多少？#收入#工作 #打工人 #工资,银行小姐姐,186.4万,6.5万,9497,8.2万,2.1万,03:17,https://www.douyin.com/video/7450082959698201871,说白了 工资,YES,NO,transcript_missing,new,workplace_salary,2024-12-19 03:27,NO,NULL,已打开视频页；页面以收入表格为主，未截取可靠前30秒字幕。
dy_7672999622008114483,douyin,学了很多AI工具，但还是没挣到钱 #AI #搞钱 #个人成长 #抖音创作者大会 #抖音前沿科技首发计划,野说商业 Yeah’s talk,1.6万,6696,925,2461,4054,01:07,https://www.douyin.com/video/7672999622008114483,AI对普通人,YES,YES,PARTIAL_CAPTION_30S,new,ai_ordinary,2026-08-15 19:00,NO,工具本身不能挣钱，能挣钱的是使用工具的稀缺能力。（章节要点）,已打开视频页；真人访谈式口播，页面显示粉丝1.6万。
dy_7342083739213729051,douyin,Ai的普及能让普通人改命吗？有机会！是需要学习什么ai技术和应用吗？不需要！今天一个视频，让你看懂ai机会的真相。,胡说老王,706.4万,12.6万,5166,2.5万,6.4万,07:35,https://www.douyin.com/video/7342083739213729051,AI对普通人,YES,NO,transcript_missing,new,ai_ordinary,2024-03-03 02:34,NO,NULL,已打开视频页；真人出镜口播，页面指标完整。
dy_7685356809414020358,douyin,04年大学生用AI月入14w！普通人抄作业 大厂裸辞【对话100个不上班自由人】,大厂升升【进群】,9482,1005,5,314,921,08:24,https://www.douyin.com/video/7685356809414020358,AI对普通人,YES,YES,PARTIAL_CAPTION_30S,new,ai_ordinary,2026-09-14 04:49,UNKNOWN,04年大学生利用AI辅助出海业务；关键是挖掘需求、匹配供应链和执行。（章节要点）,已打开视频页；真人访谈口播；作者名含进群，非纯广告但推广风险未完全排除。
dy_7638601232323716563,douyin,第31集 | 普通人改变思维模型最简单的方式，多跟 AI 闲聊 #ai #ai工具 #普通人逆袭 #闲聊,碳基冉子,5106,1.8万,178,2817,1.3万,02:57,https://www.douyin.com/video/7638601232323716563,AI对普通人,YES,YES,PARTIAL_CAPTION_30S,new,ai_ordinary,2026-05-11 04:54,NO,普通人可通过与AI闲聊提升思维模型；带刀读书、AI拷打自己和开神仙局三招。（章节要点）,已打开视频页；真人出镜口播，低粉高互动。
dy_7675220227953420145,douyin,第32集 | 为啥大批AI博主都停更了？普通人做AI，到底还有戏吗？,晞北爸爸聊真话,4021,2.1万,1305,8572,9064,04:56,https://www.douyin.com/video/7675220227953420145,AI对普通人,YES,YES,PARTIAL_CAPTION_30S,new,ai_ordinary,2026-08-17 21:14,NO,大批AI博主停更与监管收紧、成本收益倒挂和观众审美疲劳有关。（章节要点）,已打开视频页；真人出镜口播，低粉高互动。
dy_7510564338865261824,douyin,你的工资达到全国平均水平了吗？#收入 #工资 #银行小姐姐,银行小姐姐,186.4万,4.1万,7875,1.0万,6115,01:44,https://www.douyin.com/video/7510564338865261824,说白了 工资,YES,NO,transcript_missing,new,workplace_salary,2025-05-31 04:05,NO,NULL,已打开视频页；真人出镜口播。
dy_7577012042972826097,douyin,大家有没有人工资达不到3500的？#工资 #工作 #3500,安小晴爱说话🤗,447,4457,7968,1354,402,00:52,https://www.douyin.com/video/7577012042972826097,说白了 工资,YES,YES,PARTIAL_CAPTION_30S,new,workplace_salary,2025-11-26 04:36,NO,没有那么高，我才3000；那种谁来都能干、可以被轻易替代的岗位，就不可能高工资。（页面可见字幕）,已打开视频页；真人出镜口播，低粉高互动。
dy_7638670901663386914,douyin,人为什么赚不到认知以外的钱？ #思考 #哲学 #财富思维,感性的熊,2.2万,15.7万,2615,2.6万,4.3万,07:00,https://www.douyin.com/video/7638670901663386914,为什么赚不到钱,YES,YES,PARTIAL_CAPTION_30S,new,money_income,2026-05-11 09:24,NO,因为赚到了，就都算认知以内对吧？；认知决定理解和判断，识别不了机会、接不住也留不久。,页面核验：正文指标/发布时间/作者粉丝；真人出镜口播。
dy_7525396994261568810,douyin,第7集 | 为什么你拼命努力却赚不到钱？90%的人搞错了“道”与“术”！ #透透糖 #认知 #商业思维 #个人成长 #赚钱,透透糖,164.2万,6305,309,1573,3531,12:32,https://www.douyin.com/video/7525396994261568810,为什么赚不到钱,YES,YES,PARTIAL_CAPTION_30S,new,money_income,2025-07-10 03:23,NO,赚钱需懂道与术；术短期易过时，道是商业本质、人性和社会规则；找到未满足且足够大的需求。,页面核验：正文指标/发布时间/作者粉丝；真人出镜口播。
dy_7574375799235661083,douyin,年轻人到底为什么赚不到钱呢？ #金钱观 #消费观 #当代年轻人 #社会现状 #家长必读,周涛教育思维,130.4万,2.4万,1271,2.3万,7975,03:37,https://www.douyin.com/video/7574375799235661083,为什么赚不到钱,YES,YES,PARTIAL_CAPTION_30S,new,consume_life,2025-11-19 02:06,NO,年轻人赚不到钱在于消费观；饮品、宠物、餐饮、化妆品等消费过高，不懂省钱。,页面核验：正文指标/发布时间/作者粉丝；真人出镜口播。
dy_7600606699654093801,douyin,你为什么做互联网赚不到钱，因为你起步就错了。,澳门豆仔,180.7万,4.5万,1.6万,7392,2.3万,04:35,https://www.douyin.com/video/7600606699654093801,为什么赚不到钱,YES,YES,PARTIAL_CAPTION_30S,new,side_startup,2026-01-28 18:35,NO,做互联网要当创业而非短期盈利；先明确卖什么、卖给谁、怎么卖，选赛道并坚持。,页面核验：正文指标/发布时间/作者粉丝；真人出镜口播。
dy_7602563332423355699,douyin,为什么你很努力却依旧赚不到钱？ 泰然老师今天就把这一点给你讲透！#财富 #国学智慧 #传统文化 #认知 #陈泰然,泰然老师,14.7万,1463,143,298,1037,05:23,https://www.douyin.com/video/7602563332423355699,为什么赚不到钱,YES,YES,PARTIAL_CAPTION_30S,new,money_income,2026-02-03 01:08,NO,努力却赚不到钱的原因在于财富管道未打通；每月拿出收入1%捐出以培养富足心。,页面核验：正文指标/发布时间/作者粉丝；真人出镜口播。
dy_7667258640583216403,douyin,路飞揭秘最容易割韭菜的消费陷阱，教你怎么正确花钱性价比最高！ #认知 #财富思维 #消费陷阱,造船路飞直播实时录(切片),13.5万,2.3万,1217,9966,9443,06:04,https://www.douyin.com/video/7667258640583216403,消费陷阱,YES,YES,PARTIAL_CAPTION_30S,new,consume_life,2026-07-27 16:00,NO,买东西先考虑需求，避免超出预期；不要轻信源头和低价，茶叶需要找懂行的人。,页面核验：正文指标/发布时间/作者粉丝；真人出镜口播。
dy_7660014354972485489,douyin,专柜价是演给你看的，消费的认知偏差你看懂了吗？#消费陷阱,李春华 银行/财经,315.3万,1.9万,932,5884,2501,01:24,https://www.douyin.com/video/7660014354972485489,消费陷阱,YES,YES,PARTIAL_CAPTION_30S,new,consume_life,2026-07-08 04:30,UNKNOWN,比如吃的不买买的不吃；专柜价是演给消费者看的，300元冲锋衣和200元健步鞋性价比更高。,页面核验：正文指标/发布时间/作者粉丝；视频页关联官方旗舰店语境，广告性质不明。
dy_7659108466480385306,douyin,工资低怎么办？ 工资低的破局之法,星辰讲工作,670,168,74,32,48,02:44,https://www.douyin.com/video/7659108466480385306,工资低怎么办,YES,YES,PARTIAL_CAPTION_30S,new,workplace_salary,2026-07-05 11:12,NO,工资低可接受现实、学习技能、跳槽至专业型公司，最后考虑换城市。,页面核验：正文指标/发布时间/作者粉丝；真人出镜口播。
dy_7578691663229406473,douyin,入职后发现工资谈低了，感觉亏了怎么办？#财务 #职场 #齐昊 #经验分享 #个人成长,齐昊老师,118.8万,1909,106,85,364,01:41,https://www.douyin.com/video/7578691663229406473,工资低怎么办,YES,YES,PARTIAL_CAPTION_30S,new,workplace_salary,2025-11-30 17:14,NO,入职后工资低一两千可接受；契约精神重要，小公司岗位薪资可能更高但背书价值不同。,页面核验：正文指标/发布时间/作者粉丝；真人出镜口播。
dy_7592152866706509065,douyin,老员工的工资比新员工低怎么办#老员工 #新员工 #工资 #涨薪 #谈薪,王新宇管理知识库-百人汇,76.4万,1765,266,354,630,02:17,https://www.douyin.com/video/7592152866706509065,工资低怎么办,YES,YES,PARTIAL_CAPTION_30S,new,workplace_salary,2026-01-06 02:00,NO,新老工资倒挂源于公司初期低薪、扩张时高薪招人；谈薪要看忍耐度和市场价值。,页面核验：正文指标/发布时间/作者粉丝；真人出镜口播。
dy_7617791279578021222,douyin,为什么工资低越应该跳槽？#生活 #认知 #职场 #工资 #跳槽,拆弹麦哲伦,467,15,5,1,2,01:21,https://www.douyin.com/video/7617791279578021222,工资低怎么办,YES,YES,PARTIAL_CAPTION_30S,new,workplace_salary,2026-03-16 03:00,NO,主动跳槽平均涨薪20%-30%，内部涨薪通常5%-10%；低薪岗位可替代性强、成长空间小。,页面核验：正文指标/发布时间/作者粉丝；真人出镜口播。
dy_7599700064982812580,douyin,坦白局：35岁程序员失业第八天，主动跟媳妇儿坦白被裁员经过，商量后续计划。#失业 #裁员 #坦白局 #35岁 #真实生活分享计划,达哥再出发,4.0万,8.0万,9462,1.6万,4448,08:47,https://www.douyin.com/video/7599700064982812580,裁员,YES,YES,PARTIAL_CAPTION_30S,new,workplace_salary,2026-01-26 07:57,NO,35岁程序员失业第八天，主动向妻子坦白被裁员经过，商量后续计划。,页面核验：正文指标/发布时间/作者粉丝；真人生活口播。
dy_7685022343432785195,douyin,在北京要考虑换工作了，因为被欠薪和裁员了 #裁员 #北漂,夫拉沃斯（北漂版）,93,532,209,118,64,01:14,https://www.douyin.com/video/7685022343432785195,裁员,YES,YES,PARTIAL_CAPTION_30S,new,workplace_salary,2026-09-13 07:11,NO,24年毕业、25年初入职，25年10月起欠薪；项目结束后全组被约谈，考虑外部机会。,页面核验：正文指标/发布时间/作者粉丝；真人出镜口播。
dy_7612598010941279538,douyin,真正有钱的人，反而什么都不买！#赚钱 #创业 #钱是最可靠的东西 #内容过于真实,雷厉风行【干点啥挣钱】,20.3万,4017,289,2054,2075,03:06,https://www.douyin.com/video/7612598010941279538,真正赚钱的人,YES,YES,PARTIAL_CAPTION_30S,new,consume_life,2026-03-02 02:08,NO,真正有钱的人更重现金而非消费；赚钱是为了享受生活，不是炫耀或追求更多。,页面核验：正文指标/发布时间/作者粉丝；真人出镜口播。
dy_7622969764386622313,douyin,赚钱的第一性原理就是不干活,天启夜谈,72.6万,12.1万,3744,7.3万,8.0万,03:42,https://www.douyin.com/video/7622969764386622313,真正赚钱的人,UNKNOWN,YES,PARTIAL_CAPTION_30S,new,money_income,2026-03-30 01:55,NO,赚钱靠做局、交易和交付而非单纯干活；普通人可从信息差、连接、撮合、交易做起。,页面核验：正文指标/发布时间/作者粉丝；视频为配音/字幕型内容，真人口播未能确认。
dy_7551048455004048697,douyin,在小县城，月薪两千不是玩笑，是我们必须面对的生存题 #体制内编外人员 #月薪三千 #个人成长 #山西就业 #小县城女性,阿蕊在成长,6179,2.2万,2.4万,1.4万,2338,02:38,https://www.douyin.com/video/7551048455004048697,月薪三千,YES,YES,PARTIAL_CAPTION_30S,new,workplace_salary,2025-09-17 06:24,NO,大学生生活费一个月3000还嫌少，社会上干活一个月不到三千；房租加水电还要贴钱。,页面核验：正文指标/发布时间/作者粉丝；真人生活口播。
dy_7663544693640656467,douyin,在天津月薪三千活不下去 到底哪个城市才能好生存一点#月薪三千 #天津#生活成本 #打工人 #牛马,韩樱在天津,919,2372,2645,1181,361,03:01,https://www.douyin.com/video/7663544693640656467,月薪三千,YES,YES,PARTIAL_CAPTION_30S,new,workplace_salary,2026-07-18 02:59,NO,单休、试用期无保险，底薪3000转正3500；房租1500、饮食1500、交通158，剩余很少。,页面核验：正文指标/发布时间/作者粉丝；真人生活口播，含可核验数字。
dy_7629681270520490481,douyin,月薪三千如何过出月薪三万的生活品质？ #月薪3000 #找工作 #赚钱,西汁大王哈哈哈哈哈,8970,4743,65,869,2170,02:07,https://www.douyin.com/video/7629681270520490481,月薪三千,YES,YES,PARTIAL_CAPTION_30S,new,side_startup,2026-04-17 04:00,UNKNOWN,用随手拍美食账号做推广，部分餐标和报销由甲方提供，在享受过程中成长。,页面核验：正文指标/发布时间/作者粉丝；真人出镜，内容含甲方推广/报销叙述。
dy_7684655777612565786,douyin,#月薪3000毕业生的心声 #毕业生拿到3000工资哭了 求职者周婷丽毕业后只身从湖南前往福建打拼，收到3900薪资当晚就哭了,职来职往2026,26.5万,2568,331,6276,419,00:54,https://www.douyin.com/video/7684655777612565786,月薪三千,YES,YES,PARTIAL_CAPTION_30S,new,workplace_salary,2026-09-12 07:29,UNKNOWN,毕业后只身赴福建打拼，收到3900薪资当晚落泪，觉得无力赡养父母。,页面核验：正文指标/发布时间/作者粉丝；节目采访/口播内容，广告性质不明。
dy_7580814633087290676,douyin,回一条评论：信息即权力 #就业 #薪资 #大学生 #月薪三千,见手青,2.0万,3.8万,729,4588,8001,03:42,https://www.douyin.com/video/7580814633087290676,月薪三千,YES,YES,PARTIAL_CAPTION_30S,new,other_oral,2025-12-06 18:00,NO,25届硕士拿到AI训练师offer，不到7000且大小周；作者认为应打破信息差、维护劳动者权益。,页面核验：正文指标/发布时间/作者粉丝；真人出镜口播。
dy_7548035417010900278,douyin,存款越多越焦虑 #存款 #认知 #现实 #创业,雄哥说商业,30.6万,1.6万,5049,2.3万,3561,01:58,https://www.douyin.com/video/7548035417010900278,存款焦虑,YES,YES,PARTIAL_CAPTION_30S,new,money_income,2025-09-09 03:32,NO,卡里有百万存款的人更焦虑；焦虑来自未来赚钱能力和孩子教育、婚嫁、家庭、养老等压力。,页面核验：正文指标/发布时间/作者粉丝；真人出镜口播。
dy_7578795962416647487,douyin,存款百万的中年人，比没钱的更焦虑？真相扎心了… #焦虑 #存款百万 #中年人 #压力 #在拍一种很新的vlog,白泽✓,1569,362,114,178,125,04:00,https://www.douyin.com/video/7578795962416647487,存款焦虑,YES,YES,PARTIAL_CAPTION_30S,new,money_income,2025-12-01 14:00,NO,存款过百万的中年人担心未来收入不稳、来源不确定和身体下滑，生活变得小心翼翼。,页面核验：正文指标/发布时间/作者粉丝；真人生活口播。
dy_7653069727687096049,douyin,手里存款200w反而很焦虑？ #财商思维#财富认知#财富管理,燕子财商课堂,19.3万,500,30,47,99,00:59,https://www.douyin.com/video/7653069727687096049,存款焦虑,YES,YES,PARTIAL_CAPTION_30S,new,money_income,2026-06-19 04:39,UNKNOWN,手里存款200万反而很焦虑？围绕养老、资产配置和未来安全感展开。,页面核验：正文指标/发布时间/作者粉丝；真人出镜，理财内容广告性质不明。
dy_7627077148901610152,douyin,钱越多的人，越焦虑！,银行 橙子,151.2万,1.2万,2573,4572,2160,00:00,https://www.douyin.com/video/7627077148901610152,存款焦虑,UNKNOWN,YES,PARTIAL_CAPTION_30S,new,money_income,2026-04-10 03:34,NO,40岁卡里120万仍焦虑；担心未来收入和孩子、家庭、父母养老医疗等压力。,页面核验：正文指标/发布时间/作者粉丝；页面视频时长显示00:00，正文有字幕/章节。
dy_7649909551500896744,douyin,第69集 | 30岁到底要有多少存款才算正常？真实数据击碎焦虑#存款 #存钱 #30岁,口袋talk,2.4万,558,274,296,172,05:07,https://www.douyin.com/video/7649909551500896744,存款焦虑,UNKNOWN,YES,PARTIAL_CAPTION_30S,new,other_oral,2026-06-10 16:16,NO,30岁存款焦虑受网络夸张数据影响；人均约4.8万，需结合收入、城市、负债，养成储蓄并提升职业能力。,页面核验：正文指标/发布时间/作者粉丝；内容为字幕/配音型，真人口播未能确认。
dy_7669323285130226545,douyin,你为什么赚不到钱？不讲书上的。,圆规Talk,10.2万,1675,24,147,389,01:45,https://www.douyin.com/video/7669323285130226545,为什么赚不到钱,YES,YES,PARTIAL_CAPTION_30S,new,money_income,2026-08-01 23:51,NO,赚钱欲望因人而异；女性多为满足物质需求，男性更重视社会价值与阶层跨越；赚钱欲望强烈说明精力旺盛、对生活有向往。,页面核验：正文指标/发布时间/作者粉丝；真人出镜口播。
dy_7618466059766549814,douyin,一个人赚不到钱 是因为拒绝当二道贩子 #个人成长 #商业认知,陈广厦,2.1万,4791,82,1156,3044,05:47,https://www.douyin.com/video/7618466059766549814,为什么赚不到钱,YES,YES,PARTIAL_CAPTION_30S,new,side_startup,2026-03-18 05:01,NO,赚钱分为创造商品和销售商品；很多人拒绝销售和中介，但中介解决流通与需求。普通人应学会卖东西、贴近市场，赚钱取决于满足对方需求。,页面核验：正文指标/发布时间/作者粉丝；真人出镜口播。
dy_7653783662811958395,douyin,第7集 | 赚不到钱是因为不想 #认知 #经验分享 #创业 #自媒体,发疯姥子,11.7万,1.5万,208,2250,5548,05:30,https://www.douyin.com/video/7653783662811958395,为什么赚不到钱,YES,YES,PARTIAL_CAPTION_30S,new,money_income,2026-06-21 04:45,NO,最好的选择就是我不动（页面字幕）,已打开视频页；页面核验指标/发布时间/作者粉丝；真人出镜口播。
dy_7679330716065180914,douyin,要想知道为什么现在的钱难赚，首先你要搞懂什么叫经济#经济周期 #掘金计划2026 #零距离看懂财经,晓雯点金,106.7万,2.0万,890,3643,7754,10:32,https://www.douyin.com/video/7679330716065180914,为什么赚不到钱,YES,YES,PARTIAL_CAPTION_30S,new,money_income,2026-08-28 23:05,NO,为什么现在钱难赚（页面字幕）,已打开视频页；页面核验指标/发布时间/作者粉丝；真人财经口播。
dy_7564768706446888228,douyin,为什么你拼命工作，却越来越穷？可能是没搞清“资产”和“负债” #财经 #知识 #财富 #掘金计划2025#一口气看懂经济学,小A学财经,925.1万,6.0万,2792,1.3万,1.6万,08:44,https://www.douyin.com/video/7564768706446888228,为什么赚不到钱,YES,YES,PARTIAL_CAPTION_30S,new,money_income,2025-10-25 02:00,NO,都是为了过上更好的生活（页面字幕）,已打开视频页；页面核验指标/发布时间/作者粉丝；真人财经口播。
dy_7279873992134069539,douyin,有没有感觉赚钱越来越难#赚钱难#经济转型#下一个风口,老任 故事会,779.3万,5.2万,3932,6961,7056,06:31,https://www.douyin.com/video/7279873992134069539,为什么赚不到钱,YES,YES,PARTIAL_CAPTION_30S,new,money_income,2023-09-17 12:10,NO,相比之下这种感觉更突出（页面字幕）,已打开视频页；页面核验指标/发布时间/作者粉丝；真人口播。
dy_7039692860345617672,douyin,#创业 #赚钱 #商业思维 为什么你做什么都赚不到钱，不管怎么折腾还是在原地？看完这条视频你就知道真正赚钱的人都是怎么做的。,商业穿越者布青【优势在我】,32.4万,6326,176,2088,1259,01:31,https://www.douyin.com/video/7039692860345617672,为什么赚不到钱,YES,YES,PARTIAL_CAPTION_30S,new,money_income,2021-12-09 05:23,NO,大家一定会这么做（页面字幕）,已打开视频页；页面核验指标/发布时间/作者粉丝；真人商业口播。
dy_7572894561601931135,douyin,普通人为何难翻身？#普通人 #财经 #知识分享 #掘金计划2025 #硬核深度计划,小G所长,40.7万,1.0万,364,1609,4780,03:52,https://www.douyin.com/video/7572894561601931135,为什么赚不到钱,YES,YES,PARTIAL_CAPTION_30S,new,money_income,2025-11-15 02:18,NO,为什么这么难（页面字幕）,已打开视频页；页面核验指标/发布时间/作者粉丝；真人财经口播。
dy_6932774127115816192,douyin,为什么赚钱这么难？#赚钱 #赚钱难 #赚钱不易,鹤老师,788.1万,17.1万,172,2.1万,822,02:34,https://www.douyin.com/video/6932774127115816192,为什么赚不到钱,YES,YES,PARTIAL_CAPTION_30S,new,money_income,2021-02-24 02:24,NO,你从头到尾都在（页面字幕）,已打开视频页；页面核验指标/发布时间/作者粉丝；真人口播。
dy_7306772557774982454,douyin,你要是现在连一万块都拿不出来 要想想是不是这几个原因 #创业#赚钱思维,男天門,103.6万,4.8万,1557,7712,1.1万,02:50,https://www.douyin.com/video/7306772557774982454,为什么赚不到钱,YES,YES,PARTIAL_CAPTION_30S,new,money_income,2023-11-28 22:49,NO,首先是你（页面字幕）,已打开视频页；页面核验指标/发布时间/作者粉丝；真人口播。
dy_7646983283917557032,douyin,普通人赚不到钱根本原因是什么ly#认知 #商业思维 #老板思维 #赚钱,参哥（直播号）,68.9万,1519,27,279,717,01:23,https://www.douyin.com/video/7646983283917557032,为什么赚不到钱,YES,YES,PARTIAL_CAPTION_30S,new,money_income,2026-06-02 19:00,NO,99%的人不会存在（页面字幕）,已打开视频页；页面核验指标/发布时间/作者粉丝；真人口播。
dy_7605549887765220646,douyin,为什么普通人很难挣大钱？ #女性事业 #女性成长 #情感,河易·她成大事,15.3万,1.5万,424,6964,7686,03:34,https://www.douyin.com/video/7605549887765220646,为什么赚不到钱,UNKNOWN,NO,transcript_missing,new,money_income,2026-02-21 04:15,NO,NULL,已打开视频页；页面核验指标/发布时间/作者粉丝；视频画面未可靠显示前30秒字幕，未臆测口播。
dy_7498258618581503270,douyin,财富永远是对认知的补偿 而非对勤奋的嘉奖,温州卓老板,304.5万,19.1万,1.2万,4.0万,6.4万,05:13,https://www.douyin.com/video/7498258618581503270,为什么赚不到钱,YES,YES,PARTIAL_CAPTION_30S,new,money_income,2025-04-28 00:13,NO,可以提升赚钱的效率（页面字幕）,已打开视频页；页面核验指标/发布时间/作者粉丝；真人生活口播。
dy_6904215732981140743,douyin,为什么你总是挣不到钱，哪怕挣到了钱，也总是留不下来呢？原因出在这点上#发财 #智慧 #人生感悟,吴军,241.2万,2.6万,880,4582,930,01:14,https://www.douyin.com/video/6904215732981140743,为什么赚不到钱,YES,YES,PARTIAL_CAPTION_30S,new,money_income,2020-12-12 02:00,NO,承受的范围（页面字幕）,已打开视频页；页面核验指标/发布时间/作者粉丝；真人口播。
dy_7279576256968953103,douyin,为什么很努力却挣不到钱？看看这三件事做好了没有？#人间清醒 #生活感悟 #老祖宗的智慧 #提升自己,庐江王涵,462.2万,1.8万,967,7486,3753,02:32,https://www.douyin.com/video/7279576256968953103,为什么赚不到钱,YES,YES,PARTIAL_CAPTION_30S,new,money_income,2023-09-16 16:53,NO,为什么很努力却发不了财（页面字幕）,已打开视频页；页面核验指标/发布时间/作者粉丝；真人口播。
dy_7617860343423043974,douyin,赚钱为什么那么难？#零距离看懂财经 #燃起来了大国重器,小狮子财经科技,462.1万,9.2万,4188,3.0万,3.2万,09:13,https://www.douyin.com/video/7617860343423043974,为什么赚不到钱,UNKNOWN,NO,transcript_missing,new,money_income,2026-03-16 07:28,NO,NULL,已打开视频页；页面核验指标/发布时间/作者粉丝；视频字幕/画面未可靠显示，未臆测口播。
dy_7573217190535499049,douyin,有2种人，死活赚不了钱 #搞钱 #商业 #认知 #价值交换 #自我中心,大土学长,1.2万,2751,235,884,1382,02:36,https://www.douyin.com/video/7573217190535499049,为什么赚不到钱,YES,YES,PARTIAL_CAPTION_30S,new,money_income,2025-11-15 23:10,NO,我就是。。。（页面字幕）,已打开视频页；页面核验指标/发布时间/作者粉丝；真人口播，低粉账号。
dy_7446000750393675034,douyin,赚不到钱不是你的原因，说说真相。#吴敏彩超#抚顺#内卷 #赚钱难,在下散财,28.1万,1.4万,1538,5612,2660,03:33,https://www.douyin.com/video/7446000750393675034,为什么赚不到钱,YES,YES,PARTIAL_CAPTION_30S,new,money_income,2024-12-08 03:26,NO,咱就点儿里话啊（页面字幕）,已打开视频页；页面核验指标/发布时间/作者粉丝；真人口播。
dy_7533997917783346458,douyin,第5集 | 赚不到钱，很焦虑怎么办？ #赚钱 #创业 #副业 #职场 #找工作,边大娘FM,10.5万,4589,182,696,2195,18:13,https://www.douyin.com/video/7533997917783346458,为什么赚不到钱,YES,NO,transcript_missing,new,money_income,2025-08-02 07:40,NO,NULL,已打开视频页；页面核验指标/发布时间/作者粉丝；长视频有章节摘要，前30秒字幕未可靠截取。
dy_7664470489397595398,douyin,为啥多数人努力始终赚不到钱#赚钱 #商业 #认知 #老板思维,参哥带你走天下-雪兮,190.6万,3048,66,483,1619,02:50,https://www.douyin.com/video/7664470489397595398,为什么赚不到钱,YES,YES,PARTIAL_CAPTION_30S,new,money_income,2026-07-19 22:00,NO,拿到结果的人什么时候才开窍的（页面字幕）,已打开视频页；页面核验指标/发布时间/作者粉丝；真人口播。
dy_7198287124490194232,douyin,赚钱难的原因二 着急要结果#商业思维 #赚钱#打基础,老任 故事会,779.3万,1.3万,326,2735,2346,02:23,https://www.douyin.com/video/7198287124490194232,为什么赚不到钱,YES,YES,PARTIAL_CAPTION_30S,new,money_income,2023-02-09 14:30,NO,有的甚至是几代人的努力（页面字幕）,已打开视频页；页面核验指标/发布时间/作者粉丝；真人口播。
dy_7585789807528578342,douyin,你和月入一万的人差在哪里？ 月入一万真的很难吗？为什么别人轻松可以做到？赚钱的底层逻辑到底是什么？#赚钱#认知觉醒 #认知觉醒 #赚钱思维 #内容过于真实 #认知思维,文子姐姐,12.3万,4.0万,3626,1.5万,2.7万,06:41,https://www.douyin.com/video/7585789807528578342,为什么赚不到钱,YES,YES,PARTIAL_CAPTION_30S,new,money_income,2025-12-19 20:18,NO,一个月赚一万块真的很难吗？（页面字幕）,已打开视频页；页面核验指标/发布时间/作者粉丝；真人口播。
dy_7562783202861190436,douyin,希望大家都可以挣到自己期待已久的东西,温州卓老板,304.5万,8.6万,7376,1.7万,3.5万,06:39,https://www.douyin.com/video/7562783202861190436,为什么赚不到钱,YES,YES,PARTIAL_CAPTION_30S,new,money_income,2025-10-18 21:21,NO,我...我仿佛先假设一个（页面字幕）,已打开视频页；页面核验指标/发布时间/作者粉丝；真人生活口播。
dy_7629297323864018195,douyin,为什么钱越来越难赚 #赚钱思维 #赚钱,雄哥说商业,30.6万,337,14,148,125,04:17,https://www.douyin.com/video/7629297323864018195,为什么赚不到钱,YES,YES,PARTIAL_CAPTION_30S,new,money_income,2026-04-16 03:10,NO,钱越来越难赚，原因到底是什么（页面字幕）,已打开视频页；页面核验指标/发布时间/作者粉丝；真人口播，低粉高赞。
dy_7576100703584951225,douyin,自信来源于妄想 这份单纯的妄想很重要 #思维训练 #赚钱 #执行力 #内容过于真实 #Shay,Shay,109.2万,2.7万,1102,5696,1.1万,07:21,https://www.douyin.com/video/7576100703584951225,为什么赚不到钱,YES,NO,transcript_missing,new,money_income,2025-11-24 02:30,NO,NULL,已打开视频页；页面核验指标/发布时间/作者粉丝；真人出镜但前30秒字幕未可靠截取。
dy_7662706391689334025,douyin,第5集 | 害怕被提拔，所以跑了。她真的不吃压力耶 #大有学问 #分享 #就业 #创业 #女性成长,欧阳夏丹,507.4万,23.5万,1.3万,2.8万,2.5万,03:14,https://www.douyin.com/video/7662706391689334025,为什么赚不到钱,YES,YES,PARTIAL_CAPTION_30S,new,other_oral,2026-07-15 03:54,NO,干的是一个24小时营业的夜店（页面字幕）,已打开视频页；页面核验指标/发布时间/作者粉丝；真人生活/职场口播。
dy_7674613803614604554,douyin,不是！普通人的 AI 信息差到底还有多少啊？4500万粉丝10几年自媒体经验的张沫凡真的已经把饭喂到你嘴边了！！直接给你拆了4个能落地的AI变现路子,开拍app,2758,1155,NULL,NULL,NULL,02:07,https://www.douyin.com/video/7674613803614604554,AI 普通人 口播,YES,NO,transcript_missing,new,ai_ordinary,4天前,NO,NULL,页面核验：已打开视频页，核对标题、作者/粉丝与时长；真人口播/AI变现主题；未显示互动项未补写。
dy_7610776852991852409,douyin,普通人根本用不上！这3种消费陷阱偷走你的钱！ #消费观 #理性消费 #省钱攻略 #省钱 #女生必看,美鹿莎,70.6万,2.6万,NULL,NULL,NULL,02:08,https://www.douyin.com/video/7610776852991852409,消费 普通人 陷阱,YES,NO,transcript_missing,new,consume_life,6月前,NO,NULL,页面核验：已打开视频页，核对标题、作者/粉丝与时长；互动点赞取搜索结果可见值，其余未显示未补写；真人口播。
dy_7665308346429328680,douyin,别被消费绑架，不要一辈子为账单打工#财富 #商业思维 #人生感悟 #消费陷阱 #生意,张剑_,74.1万,2123,NULL,NULL,NULL,02:38,https://www.douyin.com/video/7665308346429328680,消费 普通人 陷阱,YES,NO,transcript_missing,new,consume_life,1月前,NO,NULL,页面核验：已打开视频页，核对标题、作者/粉丝与时长；互动点赞取搜索结果可见值，其余未显示未补写；真人口播。
dy_7678894777286397001,douyin,开店先算这笔帐，90%的人死在“看着赚钱”#开店#创业#避坑#认知#实话,赵先森,257,3,NULL,NULL,NULL,05:55,https://www.douyin.com/video/7678894777286397001,我给你算一笔账 赚钱,YES,NO,transcript_missing,new,other_oral,2周前,NO,NULL,页面核验：已打开视频页，核对标题、作者/粉丝与时长；互动点赞取搜索结果可见值，其余未显示未补写；真人口播。
dy_7681688820861013263,douyin,做一件自己的小事 #学习方法 #赚钱思维 #自学成长 #行动力 #姜胡说,姜胡说,487.3万,2.2万,NULL,NULL,NULL,05:45,https://www.douyin.com/video/7681688820861013263,很多人不知道 赚钱,YES,NO,transcript_missing,new,other_oral,3月前,NO,NULL,页面核验：视频页正文提供口播文本，前30秒未见可核验字幕，按要求记transcript_missing；作者/粉丝与时长核对；互动点赞取搜索结果可见值，其余未显示未补写。
dy_7621150472410498532,douyin,赚钱不需要有钱，只需要比别人多知道一点点 #信息差赚钱思路 #干货分享 #内容过于真实 #经验分享 #赚钱思维,不入流小谢,7.7万,1361,NULL,NULL,NULL,01:11,https://www.douyin.com/video/7621150472410498532,很多人不知道 赚钱,YES,NO,transcript_missing,new,other_oral,5月前,NO,NULL,页面核验：已打开视频页，核对标题、作者/粉丝与时长；互动点赞取搜索结果可见值，其余未显示未补写；真人口播。
dy_7630867223104985014,douyin,90%的人不知道读书能赚钱 很多人都在白白读书，1本书甚至1页书就等于1条能变现的视频，快去试试#如何自学逆袭 #认知觉醒 #个人成长 #读书逆袭 #自媒体,黑马船长,1.2万,663,NULL,NULL,NULL,01:39,https://www.douyin.com/video/7630867223104985014,很多人不知道 赚钱,YES,NO,transcript_missing,new,other_oral,UNKNOWN,NO,NULL,页面核验：视频页标题/描述、作者/粉丝与时长已核对；前30秒未见可核验字幕，按要求记transcript_missing；互动点赞取搜索结果可见值，其余未显示未补写。
dy_7641207133015486139,douyin,第13集 | 很多人赚不到钱的原因，其实是压根就不知道自己身上哪些能力可以做成产品卖出去#认知 #搞钱 #自我提升,舟舟,3498,826,NULL,NULL,NULL,03:46,https://www.douyin.com/video/7641207133015486139,很多人不知道 赚钱,YES,NO,transcript_missing,new,other_oral,3月前,NO,NULL,页面核验：已打开系列视频页，核对标题、作者/粉丝与时长；互动点赞取搜索结果可见值，其余未显示未补写；真人口播。
dy_7668653616229049189,douyin,年龄和存钱这件事的关系,大程子有话说,37.5万,4180,NULL,NULL,NULL,05:18,https://www.douyin.com/video/7668653616229049189,我给你算一笔账 赚钱,YES,NO,transcript_missing,new,consume_life,1月前,NO,NULL,页面核验：已打开视频页，核对标题、作者/粉丝与时长；互动点赞取搜索结果可见值，其余未显示未补写；真人口播。
dy_7636619927453043978,douyin,我算过一笔最狠的账：不上班，60万就够了 #底层逻辑 #财富思维 #赚钱思维 #人生感悟 #认知思维,心火破局,889,991,NULL,NULL,NULL,06:05,https://www.douyin.com/video/7636619927453043978,我给你算一笔账 赚钱,YES,NO,transcript_missing,new,other_oral,4月前,NO,NULL,页面核验：已打开视频页，核对标题、作者/粉丝与时长；互动点赞取搜索结果可见值，其余未显示未补写；真人口播。
