aweme_id,content_id,url,nickname,desc,source_keyword,liked_count,comment_count,collected_count,share_count,liked_count_percentile,performance_score,sample_role,metadata_source,content_style,guanyu_fit_score,viral_type,favorite_like_ratio,share_like_ratio,comment_like_ratio
7533123064641506579,DY_REAL_7533123064641506579,https://www.douyin.com/video/7533123064641506579,李***闯,《关于同事外卷这件事》 #内容过于真实  #办公室搞笑#至尊洗衣精华 #快洗洗衣液  #遇见至尊净享一生,职场,10177690,238359,574642,9605668,100.0,99.76,ABSOLUTE_VIRAL,MEDIACRAWLER_REAL_CDP,KNOWLEDGE_EXPLAINER,10,COMMENT_HEAVY;SHARE_HEAVY;ABSOLUTE_VIRAL,0.056,0.944,0.023
7351254246710463755,DY_REAL_7351254246710463755,https://www.douyin.com/video/7351254246710463755,喜***》,醍醐灌顶！本打工人已经将这段话刻进脑子里了！#电影银河写手,职场,4468998,168312,627107,6058010,99.8,99.55,ABSOLUTE_VIRAL,MEDIACRAWLER_REAL_CDP,KNOWLEDGE_EXPLAINER,19,COMMENT_HEAVY;SHARE_HEAVY;ABSOLUTE_VIRAL,0.14,1.356,0.038
7525683513706810682,DY_REAL_7525683513706810682,https://www.douyin.com/video/7525683513706810682,温***板,7个挣钱的铁律 温州人几代人的经验 希望可以给您帮助,财富认知,1626655,98324,843031,471289,99.3,98.99,ABSOLUTE_VIRAL,MEDIACRAWLER_REAL_CDP,STORY_EXPLAINER,30,COMMENT_HEAVY;SAVE_HEAVY;SHARE_HEAVY;ABSOLUTE_VIRAL,0.518,0.29,0.06
7439645541958552844,DY_REAL_7439645541958552844,https://www.douyin.com/video/7439645541958552844,墨***龙,00后大学生勇闯社会第一年#勇闯职场 #永不止步  #自强不息 #人穷志不穷 #人穷 #毕业生的精选 #好好毕业慢慢告别,普通人收入,3811591,202111,242557,3352575,99.5,98.54,ABSOLUTE_VIRAL,MEDIACRAWLER_REAL_CDP,KNOWLEDGE_EXPLAINER,17,COMMENT_HEAVY;SHARE_HEAVY;ABSOLUTE_VIRAL,0.064,0.88,0.053
7293036400465726783,DY_REAL_7293036400465726783,https://www.douyin.com/video/7293036400465726783,男***門,四个阶段：对钱有概念 花钱有概念 攒钱有概念 搞钱有概念 #赚钱思维,财富认知,1112455,61476,279069,493633,98.1,97.56,ABSOLUTE_VIRAL,MEDIACRAWLER_REAL_CDP,KNOWLEDGE_EXPLAINER,42,COMMENT_HEAVY;SHARE_HEAVY;ABSOLUTE_VIRAL,0.251,0.444,0.055
7577322313134132520,DY_REAL_7577322313134132520,https://www.douyin.com/video/7577322313134132520,谢***界,年轻人一定不要超前消费，要端正自己的消费观 #人生感悟 #情感共鸣 #认知 #存钱,消费陷阱,979416,42897,327661,859709,97.6,97.36,ABSOLUTE_VIRAL,MEDIACRAWLER_REAL_CDP,KNOWLEDGE_EXPLAINER,32,COMMENT_HEAVY;SAVE_HEAVY;SHARE_HEAVY;ABSOLUTE_VIRAL,0.335,0.878,0.044
7600369823520073126,DY_REAL_7600369823520073126,https://www.douyin.com/video/7600369823520073126,非***哥,悟了#如何花钱 #消费观,消费陷阱,771853,75789,261225,678230,96.9,97.07,ABSOLUTE_VIRAL,MEDIACRAWLER_REAL_CDP,KNOWLEDGE_EXPLAINER,30,COMMENT_HEAVY;SAVE_HEAVY;SHARE_HEAVY;ABSOLUTE_VIRAL,0.338,0.879,0.098
7450364063030267151,DY_REAL_7450364063030267151,https://www.douyin.com/video/7450364063030267151,戚*,"理想冰箱杯架创业过程分享. 关于我用8000块，在半年内赚到130万这事，毫无保留分享。
#努力赚钱才是硬道理 #搞钱 #分享创业干货 #赚钱思维 #戚越",能力变现,631163,74528,288422,267706,96.1,96.53,ABSOLUTE_VIRAL,MEDIACRAWLER_REAL_CDP,KNOWLEDGE_EXPLAINER,45,COMMENT_HEAVY;SAVE_HEAVY;SHARE_HEAVY;ABSOLUTE_VIRAL,0.457,0.424,0.118
7666798588350065338,DY_REAL_7666798588350065338,https://www.douyin.com/video/7666798588350065338,胡***靓,我现在看到了满地商机。 #AI #商机 #自媒体,信息差,1475303,17931,643846,323873,99.0,96.41,ABSOLUTE_VIRAL,MEDIACRAWLER_REAL_CDP,TALKING_HEAD,30,SAVE_HEAVY;SHARE_HEAVY;ABSOLUTE_VIRAL,0.436,0.22,0.012
7540234540556619058,DY_REAL_7540234540556619058,https://www.douyin.com/video/7540234540556619058,谢***界,对钱没概念这件事，真的会摧毁一个人的人生。 #人生感悟 #情感共鸣 #经济 #存钱,财富认知,859506,40800,203196,638381,97.3,96.22,ABSOLUTE_VIRAL,MEDIACRAWLER_REAL_CDP,KNOWLEDGE_EXPLAINER,33,COMMENT_HEAVY;SHARE_HEAVY;ABSOLUTE_VIRAL,0.236,0.743,0.047
7559914938827803950,DY_REAL_7559914938827803950,https://www.douyin.com/video/7559914938827803950,姜***此,很多人30岁了还不会上班: 不要在草台班子里拼命努力 #职场 #个人成长 #裸辞 #夏鹏 #姜dora,职场,1091944,20947,514991,433362,97.8,96.2,ABSOLUTE_VIRAL,MEDIACRAWLER_REAL_CDP,KNOWLEDGE_EXPLAINER,32,SAVE_HEAVY;SHARE_HEAVY;ABSOLUTE_VIRAL,0.472,0.397,0.019
7590019669398932763,DY_REAL_7590019669398932763,https://www.douyin.com/video/7590019669398932763,木***城,#每日分享 #内容太过真实 #日常唠嗑 #下大雪 #真实生活分享计划,普通人收入,1189163,200204,92605,361336,98.3,95.69,ABSOLUTE_VIRAL,MEDIACRAWLER_REAL_CDP,STORY_EXPLAINER,12,COMMENT_HEAVY;SHARE_HEAVY;ABSOLUTE_VIRAL,0.078,0.304,0.168
7591984049339256177,DY_REAL_7591984049339256177,https://www.douyin.com/video/7591984049339256177,认***!,一瓶水带你搞懂赚钱的真相 水的3种卖法，决定了你一辈子的财富水平 #经济学 #商业逻辑 #财富思维 #认知觉醒 #AI创作浪潮计划,财富认知,1413670,14792,615055,297446,98.8,95.31,ABSOLUTE_VIRAL,MEDIACRAWLER_REAL_CDP,KNOWLEDGE_EXPLAINER,42,SAVE_HEAVY;SHARE_HEAVY;ABSOLUTE_VIRAL,0.435,0.21,0.01
7479008308989316361,DY_REAL_7479008308989316361,https://www.douyin.com/video/7479008308989316361,歌***k,年轻人如何赚到一笔大钱呢？如何从1万开始积累自己的财富 #财富 #财富自由 #赚钱,财富认知,835280,24718,457817,167221,97.1,95.25,ABSOLUTE_VIRAL,MEDIACRAWLER_REAL_CDP,KNOWLEDGE_EXPLAINER,40,COMMENT_HEAVY;SAVE_HEAVY;SHARE_HEAVY;ABSOLUTE_VIRAL,0.548,0.2,0.03
7673172635974421760,DY_REAL_7673172635974421760,https://www.douyin.com/video/7673172635974421760,姜***来,被人怼时一秒回击：别解释，一开口你就输了 #个人成长 #职场那些事 #职场反击 #职场干货 #认知觉醒,职场,706117,18659,410256,301003,96.6,94.99,ABSOLUTE_VIRAL,MEDIACRAWLER_REAL_CDP,KNOWLEDGE_EXPLAINER,40,COMMENT_HEAVY;SAVE_HEAVY;SHARE_HEAVY;ABSOLUTE_VIRAL,0.581,0.426,0.026
7546212425998454074,DY_REAL_7546212425998454074,https://www.douyin.com/video/7546212425998454074,小***究,除了打工，用心给大家整理了16条路. 建议点赞收藏，欢迎评论区一起交流.#未来发展方向 #认知变现 #打工人逆袭,能力变现,410006,106874,263470,83064,93.7,93.84,ABSOLUTE_VIRAL,MEDIACRAWLER_REAL_CDP,KNOWLEDGE_EXPLAINER,35,COMMENT_HEAVY;SAVE_HEAVY;SHARE_HEAVY;ABSOLUTE_VIRAL,0.643,0.203,0.261
7564348993203948810,DY_REAL_7564348993203948810,https://www.douyin.com/video/7564348993203948810,洪*,人一旦掌握了赚钱思维，钱就会源源不断地流向你 #超级个体 #副业,能力变现,343103,83662,191779,95131,91.5,92.71,ABSOLUTE_VIRAL,MEDIACRAWLER_REAL_CDP,KNOWLEDGE_EXPLAINER,37,COMMENT_HEAVY;SAVE_HEAVY;SHARE_HEAVY;ABSOLUTE_VIRAL,0.559,0.277,0.244
7473417086673440012,DY_REAL_7473417086673440012,https://www.douyin.com/video/7473417086673440012,学***卷,2025年，最应该提升的是赚钱能力#搞钱 #商业思维 #提升自己 #女性独立 #认知,能力变现,471657,14979,172593,190136,94.4,91.49,ABSOLUTE_VIRAL,MEDIACRAWLER_REAL_CDP,KNOWLEDGE_EXPLAINER,42,COMMENT_HEAVY;SAVE_HEAVY;SHARE_HEAVY;ABSOLUTE_VIRAL,0.366,0.403,0.032
7636452871718385906,DY_REAL_7636452871718385906,https://www.douyin.com/video/7636452871718385906,赵***汐,让我们打破短视频信息茧房#学习成长#思维训练 #认知提升 #信息茧房,信息差,584005,116530,169892,43524,94.9,91.46,ABSOLUTE_VIRAL,MEDIACRAWLER_REAL_CDP,KNOWLEDGE_EXPLAINER,35,COMMENT_HEAVY;ABSOLUTE_VIRAL,0.291,0.075,0.2
7378948118584282394,DY_REAL_7378948118584282394,https://www.douyin.com/video/7378948118584282394,硬***界,赚钱这事儿原理很简单不需要花钱买课 #科普 #知识 #商业思维 #金金乐道 #掘金计划2024 @金金乐道家,搞钱,645901,8782,252656,128907,96.4,90.93,ABSOLUTE_VIRAL,MEDIACRAWLER_REAL_CDP,KNOWLEDGE_EXPLAINER,37,SAVE_HEAVY;SHARE_HEAVY;ABSOLUTE_VIRAL,0.391,0.2,0.014
7664587315726338697,DY_REAL_7664587315726338697,https://www.douyin.com/video/7664587315726338697,大***）,来了义乌才知道，原来自己生活在巨大的信息差里，刷新了我对赚钱的认知。#义乌 #义乌小商品 #世界工厂,信息差,349342,16493,165864,248541,91.8,90.86,ABSOLUTE_VIRAL,MEDIACRAWLER_REAL_CDP,KNOWLEDGE_EXPLAINER,35,COMMENT_HEAVY;SAVE_HEAVY;SHARE_HEAVY;ABSOLUTE_VIRAL,0.475,0.711,0.047
7513092150196702476,DY_REAL_7513092150196702476,https://www.douyin.com/video/7513092150196702476,马***僵,同志们，警惕消费主义陷阱 #植物大战僵尸 #消费主义 #拒绝定义 #马哲,消费陷阱,607261,16922,76930,208408,95.7,90.83,ABSOLUTE_VIRAL,MEDIACRAWLER_REAL_CDP,KNOWLEDGE_EXPLAINER,17,COMMENT_HEAVY;SHARE_HEAVY;ABSOLUTE_VIRAL,0.127,0.343,0.028
7583723020817124662,DY_REAL_7583723020817124662,https://www.douyin.com/video/7583723020817124662,复***𝒓,查理芒格：慢富即永恒 慢富不是保守，是普通人对抗风险的智慧。财富不是你赚了多少，而是你能在风暴中站多久。#查理芒格#富人思维 #财务自由#赚钱思维 #抖音知识年终大赏,财富认知,361069,11854,196112,258734,92.0,90.52,ABSOLUTE_VIRAL,MEDIACRAWLER_REAL_CDP,KNOWLEDGE_EXPLAINER,37,COMMENT_HEAVY;SAVE_HEAVY;SHARE_HEAVY;ABSOLUTE_VIRAL,0.543,0.717,0.033
7256352085086571837,DY_REAL_7256352085086571837,https://www.douyin.com/video/7256352085086571837,7***i,"欢迎收看《我的“消费降级”》
#生活碎片 #消费降级 #平替 #洞洞鞋 #夏季穿搭",消费降级,454060,45792,45126,294021,94.2,90.36,ABSOLUTE_VIRAL,MEDIACRAWLER_REAL_CDP,TALKING_HEAD,14,COMMENT_HEAVY;SHARE_HEAVY;ABSOLUTE_VIRAL,0.099,0.648,0.101
7477191872570477839,DY_REAL_7477191872570477839,https://www.douyin.com/video/7477191872570477839,一***经,消费陷阱来自资本的阴谋 #财经 #经济 #消费 #消费陷阱 #资本,消费陷阱,329512,21877,81049,238680,90.3,89.81,ABSOLUTE_VIRAL,MEDIACRAWLER_REAL_CDP,KNOWLEDGE_EXPLAINER,29,COMMENT_HEAVY;SHARE_HEAVY;ABSOLUTE_VIRAL,0.246,0.724,0.066
7647797848847439706,DY_REAL_7647797848847439706,https://www.douyin.com/video/7647797848847439706,辉***累,普通人如何靠卖货翻身 #成长#认知,副业,144012,16989,56538,26515,75.6,77.38,RELATIVE_BREAKOUT,MEDIACRAWLER_REAL_CDP,KNOWLEDGE_EXPLAINER,32,COMMENT_HEAVY;SAVE_HEAVY;SHARE_HEAVY;RELATIVE_BREAKOUT,0.393,0.184,0.118
7218880148861390118,DY_REAL_7218880148861390118,https://www.douyin.com/video/7218880148861390118,蛋***谈,普通人需要多久才能赚够100万？#钱#赚钱#暴富#涨知识#冷知识#商业#轻漫计划 ,普通人收入,187576,16891,22721,54978,80.0,77.26,RELATIVE_BREAKOUT,MEDIACRAWLER_REAL_CDP,KNOWLEDGE_EXPLAINER,27,COMMENT_HEAVY;SHARE_HEAVY;RELATIVE_BREAKOUT,0.121,0.293,0.09
7647446230122356665,DY_REAL_7647446230122356665,https://www.douyin.com/video/7647446230122356665,大***量,创业首先是思维问题#创业 #思维 #认知,创业失败,148488,3512,84943,80187,76.8,77.26,RELATIVE_BREAKOUT,MEDIACRAWLER_REAL_CDP,KNOWLEDGE_EXPLAINER,41,COMMENT_HEAVY;SAVE_HEAVY;SHARE_HEAVY;RELATIVE_BREAKOUT,0.572,0.54,0.024
7000743196867267871,DY_REAL_7000743196867267871,https://www.douyin.com/video/7000743196867267871,宇***音,拆掉消费主义陷阱，拒绝洗脑，拒绝支配。#消费 #负债 ,消费陷阱,253839,12358,16580,85789,84.1,77.15,RELATIVE_BREAKOUT,MEDIACRAWLER_REAL_CDP,KNOWLEDGE_EXPLAINER,11,COMMENT_HEAVY;SHARE_HEAVY;RELATIVE_BREAKOUT,0.065,0.338,0.049
7599188562650734516,DY_REAL_7599188562650734516,https://www.douyin.com/video/7599188562650734516,艾***西,金价暴涨，最大的受益者是谁？#揭秘 #黄金 #财经 #万万想不到 #艾羽西,黄金回收,157506,6693,50832,66171,77.8,77.09,RELATIVE_BREAKOUT,MEDIACRAWLER_REAL_CDP,VOICEOVER_EXPLAINER,35,COMMENT_HEAVY;SAVE_HEAVY;SHARE_HEAVY;RELATIVE_BREAKOUT,0.323,0.42,0.042
7578347796505807729,DY_REAL_7578347796505807729,https://www.douyin.com/video/7578347796505807729,李***梨,消费主义陷阱针对的就是你🫵，赶紧存钱#存钱 #攒钱 #赚钱 #消费 #陷阱,消费陷阱,148422,10169,35756,92659,76.6,76.99,RELATIVE_BREAKOUT,MEDIACRAWLER_REAL_CDP,TALKING_HEAD,31,COMMENT_HEAVY;SHARE_HEAVY;RELATIVE_BREAKOUT,0.241,0.624,0.069
6902671869661515019,DY_REAL_6902671869661515019,https://www.douyin.com/video/6902671869661515019,老***话,多数人负债，都因为这3个原因!,创业失败,275376,14683,12596,70722,86.5,76.76,RELATIVE_BREAKOUT,MEDIACRAWLER_REAL_CDP,KNOWLEDGE_EXPLAINER,12,COMMENT_HEAVY;SHARE_HEAVY;RELATIVE_BREAKOUT,0.046,0.257,0.053
7511664213547519243,DY_REAL_7511664213547519243,https://www.douyin.com/video/7511664213547519243,不***姐,创业者们的集体迷茫和无措 #创业 #创业者 #工厂老板 #烘焙人的日常 #化妆品工厂,创业失败,122894,31114,30606,63266,71.7,76.51,RELATIVE_BREAKOUT,MEDIACRAWLER_REAL_CDP,STORY_EXPLAINER,31,COMMENT_HEAVY;SHARE_HEAVY;RELATIVE_BREAKOUT,0.249,0.515,0.253
7601115910648900027,DY_REAL_7601115910648900027,https://www.douyin.com/video/7601115910648900027,瓜***计,用豆包带我赚点小💰的邪修方法，全程免费。 #AI #搞钱 #干货 #个人成长 #抖音职场茶水间,AI赚钱,147822,3416,134091,45751,76.1,76.38,RELATIVE_BREAKOUT,MEDIACRAWLER_REAL_CDP,KNOWLEDGE_EXPLAINER,40,COMMENT_HEAVY;SAVE_HEAVY;SHARE_HEAVY;RELATIVE_BREAKOUT,0.907,0.31,0.023
7584407684042165541,DY_REAL_7584407684042165541,https://www.douyin.com/video/7584407684042165541,肖***梵,一人说一个消费陷阱，我先来20个 #变美 #消费陷阱,消费陷阱,174603,8705,46680,39141,79.0,76.35,RELATIVE_BREAKOUT,MEDIACRAWLER_REAL_CDP,TALKING_HEAD,35,COMMENT_HEAVY;SHARE_HEAVY;RELATIVE_BREAKOUT,0.267,0.224,0.05
7592567871297932582,DY_REAL_7592567871297932582,https://www.douyin.com/video/7592567871297932582,张***_,老板的“艰辛”谁能懂？#个体户 #老板 #生意 #金融 #商业思维 ,创业失败,129365,20249,20590,86489,73.4,76.27,RELATIVE_BREAKOUT,MEDIACRAWLER_REAL_CDP,KNOWLEDGE_EXPLAINER,30,COMMENT_HEAVY;SHARE_HEAVY;RELATIVE_BREAKOUT,0.159,0.669,0.157
7441108716197301519,DY_REAL_7441108716197301519,https://www.douyin.com/video/7441108716197301519,中***哥,不要盲目创业，不然只会是不归路#商业思维 #创业 #老板思维 #行业秘密 #创业日记,创业失败,208516,8970,71258,11368,80.9,76.23,RELATIVE_BREAKOUT,MEDIACRAWLER_REAL_CDP,KNOWLEDGE_EXPLAINER,37,COMMENT_HEAVY;SAVE_HEAVY;RELATIVE_BREAKOUT,0.342,0.055,0.043
7672348685107679924,DY_REAL_7672348685107679924,https://www.douyin.com/video/7672348685107679924,在***🍃,"年入千万=1万个人，每人每天心甘情愿给你20块
#商业模式#搞钱#财富思维#赚钱#认知",能力变现,266585,1643,61267,68498,85.7,76.04,RELATIVE_BREAKOUT,MEDIACRAWLER_REAL_CDP,KNOWLEDGE_EXPLAINER,42,SHARE_HEAVY;RELATIVE_BREAKOUT,0.23,0.257,0.006
7553519369038351667,DY_REAL_7553519369038351667,https://www.douyin.com/video/7553519369038351667,臻***融,你的收入，在哪一级？ 数据来源：中金，月收入指家庭人均收入#内容太过真实 #收入 #金融常识 #商业思维 #掘金计划2025,普通人收入,107825,15823,41351,88881,69.3,75.93,NORMAL_REFERENCE,MEDIACRAWLER_REAL_CDP,KNOWLEDGE_EXPLAINER,40,COMMENT_HEAVY;SAVE_HEAVY;SHARE_HEAVY,0.384,0.824,0.147
7640403389876850152,DY_REAL_7640403389876850152,https://www.douyin.com/video/7640403389876850152,狼***飞,高估了自己的实力，错走了一步棋，落得个现在的下场，伪中产 #中产家庭 #高估自己 #买房 #人到中年 #后悔了,中产焦虑,154428,16265,29455,43684,77.3,75.8,RELATIVE_BREAKOUT,MEDIACRAWLER_REAL_CDP,KNOWLEDGE_EXPLAINER,24,COMMENT_HEAVY;SHARE_HEAVY;RELATIVE_BREAKOUT,0.191,0.283,0.105
7583876535636561215,DY_REAL_7583876535636561215,https://www.douyin.com/video/7583876535636561215,辉***累,,能力变现,120022,44781,50771,14706,71.3,75.69,RELATIVE_BREAKOUT,MEDIACRAWLER_REAL_CDP,KNOWLEDGE_EXPLAINER,30,COMMENT_HEAVY;SAVE_HEAVY;SHARE_HEAVY;RELATIVE_BREAKOUT,0.423,0.123,0.373
7575727121427926298,DY_REAL_7575727121427926298,https://www.douyin.com/video/7575727121427926298,向***抽,《职高生找兼职，用好这几个方法，店长抢着要！》 职高生周末别躺平！线上APP+线下扫街，我用亲身经历总结了最高效的找兼职流程和面试话术，都在视频里了。觉得有用记得点赞收藏，下次找工作时翻出来看！#职高生 #学生兼职  #兼职 #社会实践#个人成长,副业,148348,11159,62489,14636,76.3,75.19,RELATIVE_BREAKOUT,MEDIACRAWLER_REAL_CDP,KNOWLEDGE_EXPLAINER,34,COMMENT_HEAVY;SAVE_HEAVY;RELATIVE_BREAKOUT,0.421,0.099,0.075
6899414351829126413,DY_REAL_6899414351829126413,https://www.douyin.com/video/6899414351829126413,财***祖,三件不注意就会倾家荡产的事，99%的人都接触过#投基不投机 #财经 #骗局,加盟避坑,326503,13933,8985,41144,89.9,75.07,RELATIVE_BREAKOUT,MEDIACRAWLER_REAL_CDP,KNOWLEDGE_EXPLAINER,7,COMMENT_HEAVY;SHARE_HEAVY;RELATIVE_BREAKOUT,0.028,0.126,0.043
7659251408893868913,DY_REAL_7659251408893868913,https://www.douyin.com/video/7659251408893868913,李***运,虽然赚的不多，但是我相信只要努力日子总会越来越好#知足#幸福#婚后生活#女性智慧#日常唠嗑,普通人收入,175574,25383,14761,53559,79.2,75.0,RELATIVE_BREAKOUT,MEDIACRAWLER_REAL_CDP,TALKING_HEAD,16,COMMENT_HEAVY;SHARE_HEAVY;RELATIVE_BREAKOUT,0.084,0.305,0.145
7545511555866119458,DY_REAL_7545511555866119458,https://www.douyin.com/video/7545511555866119458,刘***）,普通女生快速搞钱的，20个邪修野路子 #搞钱 #女性成长 #安娜Plus #商业思维 #女性创业,能力变现,105888,6532,81800,54513,68.8,74.69,NORMAL_REFERENCE,MEDIACRAWLER_REAL_CDP,KNOWLEDGE_EXPLAINER,40,COMMENT_HEAVY;SAVE_HEAVY;SHARE_HEAVY,0.773,0.515,0.062
7576993270014674661,DY_REAL_7576993270014674661,https://www.douyin.com/video/7576993270014674661,兔***说,创业8年教会我，你是个女孩子，赚💰是你唯一能抬起头的事，即使没有清晨熬好的粥也没有灯火通明的家，你也应该对自己的人生负责#创业女人,创业,127806,7688,61027,26707,72.7,74.05,RELATIVE_BREAKOUT,MEDIACRAWLER_REAL_CDP,TALKING_HEAD,32,COMMENT_HEAVY;SAVE_HEAVY;SHARE_HEAVY;RELATIVE_BREAKOUT,0.477,0.209,0.06
7661964878575619368,DY_REAL_7661964878575619368,https://www.douyin.com/video/7661964878575619368,听***道,会存钱是人生破局的关键。 #存钱 #认知 #财富思维 #财经 #人生感悟,财富认知,98863,4127,54931,224029,67.1,73.64,NORMAL_REFERENCE,MEDIACRAWLER_REAL_CDP,KNOWLEDGE_EXPLAINER,37,COMMENT_HEAVY;SAVE_HEAVY;SHARE_HEAVY,0.556,2.266,0.042
7651175704382037091,DY_REAL_7651175704382037091,https://www.douyin.com/video/7651175704382037091,意***姐,职场里是怎么看出来一个人工作能力很差的 #上班后才懂的事 #职场这课我来讲 #干货都在这 #职场干货 #职场菜鸟必看,职场,141554,4078,69053,23147,75.1,73.43,RELATIVE_BREAKOUT,MEDIACRAWLER_REAL_CDP,TALKING_HEAD,42,COMMENT_HEAVY;SAVE_HEAVY;SHARE_HEAVY;RELATIVE_BREAKOUT,0.488,0.164,0.029
7639944588144250138,DY_REAL_7639944588144250138,https://www.douyin.com/video/7639944588144250138,丑***浪,你工作的最大问题就是效率太高了 #职场 #上班 #领导 #打工,职场,126787,3322,46671,98742,72.5,73.13,RELATIVE_BREAKOUT,MEDIACRAWLER_REAL_CDP,TALKING_HEAD,32,COMMENT_HEAVY;SAVE_HEAVY;SHARE_HEAVY;RELATIVE_BREAKOUT,0.368,0.779,0.026
7526167695562607887,DY_REAL_7526167695562607887,https://www.douyin.com/video/7526167695562607887,乐***i,自媒体搞钱经验，五年博主说点真心话！ #乐仔Levi #暑期逆袭 #自媒体 #搞钱才是王道,能力变现,146825,7267,46102,17685,75.8,72.96,RELATIVE_BREAKOUT,MEDIACRAWLER_REAL_CDP,STORY_EXPLAINER,32,COMMENT_HEAVY;SAVE_HEAVY;SHARE_HEAVY;RELATIVE_BREAKOUT,0.314,0.12,0.049
7643008320555568355,DY_REAL_7643008320555568355,https://www.douyin.com/video/7643008320555568355,乾***💰,财务自由，就这三步 #财富 #认知 #vlog十亿流量扶持计划 一起来聊聊,投资认知,7407,969,4599,3266,24.4,31.45,CONTROL,MEDIACRAWLER_REAL_CDP,KNOWLEDGE_EXPLAINER,35,COMMENT_HEAVY;SAVE_HEAVY;SHARE_HEAVY;CONTROL,0.621,0.441,0.131
7652683577976491273,DY_REAL_7652683577976491273,https://www.douyin.com/video/7652683577976491273,周***赁,人力、资本、资产三大杠杆，掌握才能跳出拿时间换钱，实现稳定被动收入！#赚钱思维 #认知 #创业 #老板思维 #认知,能力变现,10648,157,8724,2597,28.5,31.05,CONTROL,MEDIACRAWLER_REAL_CDP,KNOWLEDGE_EXPLAINER,40,SAVE_HEAVY;SHARE_HEAVY;CONTROL,0.819,0.244,0.015
7629438426090296251,DY_REAL_7629438426090296251,https://www.douyin.com/video/7629438426090296251,小***芽,负债不可怕，可怕的是你不再相信自己#年轻人创业 #创业失败 #低谷期  #情感共鸣 #重新振作,创业失败,10392,1716,1933,2658,27.8,30.77,CONTROL,MEDIACRAWLER_REAL_CDP,TALKING_HEAD,25,COMMENT_HEAVY;SHARE_HEAVY;CONTROL,0.186,0.256,0.165
7680035972225977606,DY_REAL_7680035972225977606,https://www.douyin.com/video/7680035972225977606,红***祎,13岁女孩用AI三天赚1.8万，她咋做到的？ #大有学问 #roblox #创业 #强者思维 #满级小孩,AI赚钱,16777,285,3223,3310,34.3,30.47,NORMAL_REFERENCE,MEDIACRAWLER_REAL_CDP,KNOWLEDGE_EXPLAINER,34,SHARE_HEAVY,0.192,0.197,0.017
7539166936341515520,DY_REAL_7539166936341515520,https://www.douyin.com/video/7539166936341515520,静***说,大部分年轻人都掉进了消费陷阱 #消费陷阱  #国学文化 #人生感悟 #女性智慧 #悟人生之道,消费陷阱,7674,815,2854,6003,24.6,30.33,CONTROL,MEDIACRAWLER_REAL_CDP,KNOWLEDGE_EXPLAINER,30,COMMENT_HEAVY;SAVE_HEAVY;SHARE_HEAVY;CONTROL,0.372,0.782,0.106
7641861213336505636,DY_REAL_7641861213336505636,https://www.douyin.com/video/7641861213336505636,萍***饮,2026小白创业，千万别碰这些项目。#餐饮加盟 #餐饮创业 #开店 #避坑指南 #创业,加盟避坑,8142,1167,2906,2425,25.6,30.17,CONTROL,MEDIACRAWLER_REAL_CDP,STORY_EXPLAINER,37,COMMENT_HEAVY;SAVE_HEAVY;SHARE_HEAVY;CONTROL,0.357,0.298,0.143
7503135508731284796,DY_REAL_7503135508731284796,https://www.douyin.com/video/7503135508731284796,吴*,隐形贫困中产…#薇观察 #隐形贫困中产 #掘金计划2025 #抖音热评,中产焦虑,14527,541,1649,3469,33.3,29.61,NORMAL_REFERENCE,MEDIACRAWLER_REAL_CDP,KNOWLEDGE_EXPLAINER,16,COMMENT_HEAVY;SHARE_HEAVY,0.114,0.239,0.037
7593232881871326499,DY_REAL_7593232881871326499,https://www.douyin.com/video/7593232881871326499,拆***0,夜之城的中产阶级过的好吗？ #赛博朋克2077,中产焦虑,18834,320,2766,760,36.2,29.38,NORMAL_REFERENCE,MEDIACRAWLER_REAL_CDP,KNOWLEDGE_EXPLAINER,24,NORMAL_REFERENCE,0.147,0.04,0.017
7667977090729868122,DY_REAL_7667977090729868122,https://www.douyin.com/video/7667977090729868122,小***记,千万不要干奶茶加盟不然后悔一辈子 千万不要干奶茶加盟不然后悔一辈子#奶茶加盟#割韭菜#套路#奶茶行业#茶饮,加盟避坑,6331,1633,1811,5217,22.5,29.34,CONTROL,MEDIACRAWLER_REAL_CDP,KNOWLEDGE_EXPLAINER,30,COMMENT_HEAVY;SHARE_HEAVY;CONTROL,0.286,0.824,0.258
7572894561601931135,DY_REAL_7572894561601931135,https://www.douyin.com/video/7572894561601931135,小***长,普通人为何难翻身？#普通人  #财经 #知识分享 #掘金计划2025 #硬核深度计划,普通人翻身,10120,364,4772,1606,27.5,29.13,CONTROL,MEDIACRAWLER_REAL_CDP,KNOWLEDGE_EXPLAINER,35,COMMENT_HEAVY;SAVE_HEAVY;SHARE_HEAVY;CONTROL,0.472,0.159,0.036
7619938149996694838,DY_REAL_7619938149996694838,https://www.douyin.com/video/7619938149996694838,齐***术,为什么劝你别盲目创业？ #青年创作者成长计划  #齐猫要术  #经济  #金融  #买房,创业,9685,895,2425,1928,26.8,28.65,CONTROL,MEDIACRAWLER_REAL_CDP,KNOWLEDGE_EXPLAINER,37,COMMENT_HEAVY;SHARE_HEAVY;CONTROL,0.25,0.199,0.092
7572089542825318883,DY_REAL_7572089542825318883,https://www.douyin.com/video/7572089542825318883,你***师,本视频即将遭到资本家连夜封杀 #消费陷阱 #消费主义 #内容过于真实,消费陷阱,6791,1674,1349,4611,23.2,28.6,CONTROL,MEDIACRAWLER_REAL_CDP,KNOWLEDGE_EXPLAINER,24,COMMENT_HEAVY;SHARE_HEAVY;CONTROL,0.199,0.679,0.247
6979603337406582023,DY_REAL_6979603337406582023,https://www.douyin.com/video/6979603337406582023,兰***济,消费主义的陷阱，看完你就知道该怎么做了。#消费 #涨知识 #财富,消费陷阱,11300,826,1129,4353,29.7,28.54,CONTROL,MEDIACRAWLER_REAL_CDP,KNOWLEDGE_EXPLAINER,16,COMMENT_HEAVY;SHARE_HEAVY;CONTROL,0.1,0.385,0.073
7625998400923651371,DY_REAL_7625998400923651371,https://www.douyin.com/video/7625998400923651371,哆***堂,什么是消费主义陷阱？ #经济 #奇怪的知识增加了 #经济学 #金融 #知识分享,消费陷阱,9921,648,1791,4519,27.3,28.3,CONTROL,MEDIACRAWLER_REAL_CDP,KNOWLEDGE_EXPLAINER,28,COMMENT_HEAVY;SHARE_HEAVY;CONTROL,0.181,0.455,0.065
7636720794030544794,DY_REAL_7636720794030544794,https://www.douyin.com/video/7636720794030544794,潮***婷,比金钱更值钱的，是时间和自由#认知#赚钱#财富 #金融常识,财富认知,12423,337,2418,2785,31.2,28.04,NORMAL_REFERENCE,MEDIACRAWLER_REAL_CDP,KNOWLEDGE_EXPLAINER,31,COMMENT_HEAVY;SHARE_HEAVY,0.195,0.224,0.027
7648307131724234734,DY_REAL_7648307131724234734,https://www.douyin.com/video/7648307131724234734,晓***金,为什么很多人创业最后成了“旺铺转让”？#创业#赚钱思维#创业思维,创业,11386,594,2220,1325,30.0,28.0,CONTROL,MEDIACRAWLER_REAL_CDP,KNOWLEDGE_EXPLAINER,40,COMMENT_HEAVY;SHARE_HEAVY;CONTROL,0.195,0.116,0.052
7651572123555334883,DY_REAL_7651572123555334883,https://www.douyin.com/video/7651572123555334883,小***铺,重新出发 #创业失败 #负债 #普通人生活 #从头再来 #真实日常,创业失败,5950,2539,1054,2205,21.7,27.91,CONTROL,MEDIACRAWLER_REAL_CDP,STORY_EXPLAINER,24,COMMENT_HEAVY;SHARE_HEAVY;CONTROL,0.177,0.371,0.427
7647137802966985158,DY_REAL_7647137802966985158,https://www.douyin.com/video/7647137802966985158,水***话,创业失败的原因#创业 #经验分享 #避坑指南,创业失败,9361,665,2686,1420,26.6,27.86,CONTROL,MEDIACRAWLER_REAL_CDP,STORY_EXPLAINER,37,COMMENT_HEAVY;SHARE_HEAVY;CONTROL,0.287,0.152,0.071
7403301986499611940,DY_REAL_7403301986499611940,https://www.douyin.com/video/7403301986499611940,财***花,弄明白投资中的“不可能三角”#投资#理财#财经知识,投资认知,22015,191,2592,110,39.6,27.67,NORMAL_REFERENCE,MEDIACRAWLER_REAL_CDP,KNOWLEDGE_EXPLAINER,16,NORMAL_REFERENCE,0.118,0.005,0.009
7663772500710477071,DY_REAL_7663772500710477071,https://www.douyin.com/video/7663772500710477071,潮***话,普通人的实际月收入是多少？ #收入 #老百姓关心的话题 #内容过于真实 #潮汕奶爸,普通人收入,4558,1101,1840,5564,20.0,27.64,CONTROL,MEDIACRAWLER_REAL_CDP,KNOWLEDGE_EXPLAINER,35,COMMENT_HEAVY;SAVE_HEAVY;SHARE_HEAVY;CONTROL,0.404,1.221,0.242
7582661454537739539,DY_REAL_7582661454537739539,https://www.douyin.com/video/7582661454537739539,单***）,大家问干啥了创业能赔这么多，看到最后你就知道我到底有多蠢了#负债 #创业失败,创业失败,50123,9043,8751,54446,54.3,60.42,NORMAL_REFERENCE,MEDIACRAWLER_REAL_CDP,TALKING_HEAD,28,COMMENT_HEAVY;SHARE_HEAVY,0.175,1.086,0.18
7673952284586849765,DY_REAL_7673952284586849765,https://www.douyin.com/video/7673952284586849765,凌***晨,女性职场必看的几条建议 #girlstalk女性成长 #职场女生必备 #女生职场力 #职场女生干货 #高级职场女性,职场,94960,526,57492,11463,66.2,60.36,NORMAL_REFERENCE,MEDIACRAWLER_REAL_CDP,KNOWLEDGE_EXPLAINER,37,SAVE_HEAVY;SHARE_HEAVY,0.605,0.121,0.006
7532810970830327082,DY_REAL_7532810970830327082,https://www.douyin.com/video/7532810970830327082,公***经,中产如何避免返贫 #中产 #涨知识 #经济,中产焦虑,82144,2243,16969,24006,63.5,60.24,NORMAL_REFERENCE,MEDIACRAWLER_REAL_CDP,KNOWLEDGE_EXPLAINER,25,COMMENT_HEAVY;SHARE_HEAVY,0.207,0.292,0.027
7662612278332200357,DY_REAL_7662612278332200357,https://www.douyin.com/video/7662612278332200357,舒***己,咱们普通人都生活都差不多！ #内容过于真实 #每日分享,普通人收入,57604,17047,7189,20301,56.5,60.06,NORMAL_REFERENCE,MEDIACRAWLER_REAL_CDP,STORY_EXPLAINER,17,COMMENT_HEAVY;SHARE_HEAVY,0.125,0.352,0.296
7513150827680795913,DY_REAL_7513150827680795913,https://www.douyin.com/video/7513150827680795913,赵***伞,为什么有些老板撑不过破产？也许不仅仅是钱的问题... #生意难做 #破产 #老赖 #创业思维 #赔钱,创业失败,62525,7845,15519,13626,57.2,59.98,NORMAL_REFERENCE,MEDIACRAWLER_REAL_CDP,KNOWLEDGE_EXPLAINER,39,COMMENT_HEAVY;SHARE_HEAVY,0.248,0.218,0.125
7620749490244291886,DY_REAL_7620749490244291886,https://www.douyin.com/video/7620749490244291886,冯***眼,不上班怎么赚钱，8 种靠谱搞钱法，放下自我，抓住别人的需求。 #girlstalk#女性成长#冯大眼#赚钱思维,能力变现,78222,737,47137,15429,62.1,59.67,NORMAL_REFERENCE,MEDIACRAWLER_REAL_CDP,KNOWLEDGE_EXPLAINER,37,SAVE_HEAVY;SHARE_HEAVY,0.603,0.197,0.009
7475716554173254947,DY_REAL_7475716554173254947,https://www.douyin.com/video/7475716554173254947,高***资,消费降级？错！春天来了 #消费降级最明显的现象 #老百姓关心的话题 #金融 #高晴,消费降级,68876,4057,10700,24008,60.1,59.25,NORMAL_REFERENCE,MEDIACRAWLER_REAL_CDP,KNOWLEDGE_EXPLAINER,25,COMMENT_HEAVY;SHARE_HEAVY,0.155,0.349,0.059
7656743763552800015,DY_REAL_7656743763552800015,https://www.douyin.com/video/7656743763552800015,时***白,信息差，是普通人最便宜的杠杆，想翻盘，先把这几个看明白#财经 #政策 #认知,信息差,67741,1666,37600,10554,59.7,58.64,NORMAL_REFERENCE,MEDIACRAWLER_REAL_CDP,KNOWLEDGE_EXPLAINER,32,COMMENT_HEAVY;SAVE_HEAVY;SHARE_HEAVY,0.555,0.156,0.025
7557677477662788890,DY_REAL_7557677477662788890,https://www.douyin.com/video/7557677477662788890,男***門,别再用赚钱很难的借口 来掩盖你不敢开始的懦弱 #赚钱思维,搞钱,59870,2919,24479,10453,57.0,58.57,NORMAL_REFERENCE,MEDIACRAWLER_REAL_CDP,KNOWLEDGE_EXPLAINER,35,COMMENT_HEAVY;SAVE_HEAVY;SHARE_HEAVY,0.409,0.175,0.049
7578046186452908401,DY_REAL_7578046186452908401,https://www.douyin.com/video/7578046186452908401,解***说,你穷的时候该怎么去翻身呢，记住这八点，你将会越来越好#翻身#真相#现实,普通人翻身,56592,2157,28830,15249,56.3,58.49,NORMAL_REFERENCE,MEDIACRAWLER_REAL_CDP,TALKING_HEAD,30,COMMENT_HEAVY;SAVE_HEAVY;SHARE_HEAVY,0.509,0.269,0.038
7430029536101682442,DY_REAL_7430029536101682442,https://www.douyin.com/video/7430029536101682442,你***酱,消费降级，智商回归#内容过于真实 #情感共鸣 #消费降级,消费降级,49516,11347,2964,111864,53.6,58.22,NORMAL_REFERENCE,MEDIACRAWLER_REAL_CDP,KNOWLEDGE_EXPLAINER,10,COMMENT_HEAVY;SHARE_HEAVY,0.06,2.259,0.229
7529799358624107811,DY_REAL_7529799358624107811,https://www.douyin.com/video/7529799358624107811,小***说,你说最近真的是在消费降级么？ #OLAY黑管精华,消费降级,96412,3035,13393,7746,66.7,58.2,NORMAL_REFERENCE,MEDIACRAWLER_REAL_CDP,TALKING_HEAD,23,COMMENT_HEAVY,0.139,0.08,0.031
7627522561143737650,DY_REAL_7627522561143737650,https://www.douyin.com/video/7627522561143737650,B***I,卖 AI token 毛利率 92%，但大部分人赚不到钱 #AI #AI赚钱 #商业思维 #创业 #Bridge聊AI,AI赚钱,42565,3203,30914,13678,51.2,57.95,NORMAL_REFERENCE,MEDIACRAWLER_REAL_CDP,KNOWLEDGE_EXPLAINER,40,COMMENT_HEAVY;SAVE_HEAVY;SHARE_HEAVY,0.726,0.321,0.075
7552461908918406450,DY_REAL_7552461908918406450,https://www.douyin.com/video/7552461908918406450,你***学,"吐血整理，我们公司使用过的工具分享 如何让AI替我们打工赚钱
#分享创业干货 #一人公司 #AI工具 #经验分享",AI赚钱,50938,854,61855,14081,54.6,57.91,NORMAL_REFERENCE,MEDIACRAWLER_REAL_CDP,KNOWLEDGE_EXPLAINER,40,SAVE_HEAVY;SHARE_HEAVY,1.214,0.276,0.017
6972484161688833292,DY_REAL_6972484161688833292,https://www.douyin.com/video/6972484161688833292,闯***）,招商加盟到底会有多赚钱？（一家38万，五百家你能算过来这个帐么）#加盟,加盟避坑,71220,8444,4988,18263,60.6,57.79,NORMAL_REFERENCE,MEDIACRAWLER_REAL_CDP,TALKING_HEAD,19,COMMENT_HEAVY;SHARE_HEAVY,0.07,0.256,0.119
7615502207852724089,DY_REAL_7615502207852724089,https://www.douyin.com/video/7615502207852724089,闲***场,如果你变成单位里最忙的人，要怎么调整？ 如果你变成单位里最忙的人，要怎么调整？ #女性成长 #职场女性 #职场 #抖音职场茶水间 #职场干货,职场,47578,3447,15946,27825,52.2,57.64,NORMAL_REFERENCE,MEDIACRAWLER_REAL_CDP,TALKING_HEAD,47,COMMENT_HEAVY;SAVE_HEAVY;SHARE_HEAVY,0.335,0.585,0.072
7637526701592815434,DY_REAL_7637526701592815434,https://www.douyin.com/video/7637526701592815434,晓***金,不管在哪里上班，都要牢记这15句话。#职场#打工人#职场干货 #职场生存法则,职场,65197,3112,15681,12128,58.9,57.55,NORMAL_REFERENCE,MEDIACRAWLER_REAL_CDP,KNOWLEDGE_EXPLAINER,36,COMMENT_HEAVY;SHARE_HEAVY,0.241,0.186,0.048
7608515921166552558,DY_REAL_7608515921166552558,https://www.douyin.com/video/7608515921166552558,我***a,普通人如何在下班之后做点副业 #每天跟我涨知识 #边画边写讲知识 #职场 #职场那些事 #职场干货,副业,58467,1564,42945,9527,56.8,57.43,NORMAL_REFERENCE,MEDIACRAWLER_REAL_CDP,KNOWLEDGE_EXPLAINER,40,COMMENT_HEAVY;SAVE_HEAVY;SHARE_HEAVY,0.735,0.163,0.027
7631183865323440037,DY_REAL_7631183865323440037,https://www.douyin.com/video/7631183865323440037,俗***-,普通人逆袭 打工混日子是为了赚更多的钱#普通人 #赚钱思维 #认知提升 #ray充电站,普通人翻身,53158,2802,19830,12618,55.1,57.22,NORMAL_REFERENCE,MEDIACRAWLER_REAL_CDP,KNOWLEDGE_EXPLAINER,37,COMMENT_HEAVY;SAVE_HEAVY;SHARE_HEAVY,0.373,0.237,0.053
7389892716445846834,DY_REAL_7389892716445846834,https://www.douyin.com/video/7389892716445846834,我***吹,一直存在的加盟陷阱，想创业的人一定要警惕 #反诈 #一本正经胡说八道#上上参谋,加盟避坑,73879,4873,6362,15967,61.6,57.16,NORMAL_REFERENCE,MEDIACRAWLER_REAL_CDP,STORY_EXPLAINER,15,COMMENT_HEAVY;SHARE_HEAVY,0.086,0.216,0.066
6828488481807879435,DY_REAL_6828488481807879435,https://www.douyin.com/video/6828488481807879435,伊***a,穷人怎么翻身？只需要记住这一件事！ @Dou热门  #钱,普通人翻身,92798,4885,2901,22232,65.7,56.7,NORMAL_REFERENCE,MEDIACRAWLER_REAL_CDP,KNOWLEDGE_EXPLAINER,13,COMMENT_HEAVY;SHARE_HEAVY,0.031,0.24,0.053
7327874463364615435,DY_REAL_7327874463364615435,https://www.douyin.com/video/7327874463364615435,澳***仔,没有背景 没有人脉 想翻身就一条路,信息差,51719,1868,18435,15871,54.8,56.2,NORMAL_REFERENCE,MEDIACRAWLER_REAL_CDP,KNOWLEDGE_EXPLAINER,35,COMMENT_HEAVY;SAVE_HEAVY;SHARE_HEAVY,0.356,0.307,0.036
7630779557494625641,DY_REAL_7630779557494625641,https://www.douyin.com/video/7630779557494625641,小***技,技术红利：Ai时代财富逻辑#财经#科技#财富 #零距离看懂财经 #科技,AI赚钱,49735,2693,19280,10985,53.9,56.18,NORMAL_REFERENCE,MEDIACRAWLER_REAL_CDP,KNOWLEDGE_EXPLAINER,32,COMMENT_HEAVY;SAVE_HEAVY;SHARE_HEAVY,0.388,0.221,0.054
7618440419327817704,DY_REAL_7618440419327817704,https://www.douyin.com/video/7618440419327817704,陈***笋,有钱人家的小孩从小就懂！0基础财商入门！ #财商 #存钱 #理财小白,投资认知,86976,327,41178,8213,64.5,55.62,NORMAL_REFERENCE,MEDIACRAWLER_REAL_CDP,KNOWLEDGE_EXPLAINER,30,SAVE_HEAVY,0.473,0.094,0.004
7595829485392432394,DY_REAL_7595829485392432394,https://www.douyin.com/video/7595829485392432394,友***语,85-95，真的太生不逢时了。 #8090后 #中产 #认知,中产焦虑,42450,2358,15326,35999,51.0,55.43,NORMAL_REFERENCE,MEDIACRAWLER_REAL_CDP,KNOWLEDGE_EXPLAINER,32,COMMENT_HEAVY;SAVE_HEAVY;SHARE_HEAVY,0.361,0.848,0.056
7331268719294942516,DY_REAL_7331268719294942516,https://www.douyin.com/video/7331268719294942516,评***松,中产到底怎么了？#过年回家#消费#中产#经济#国货,中产焦虑,101920,8597,3352,3805,67.9,54.88,NORMAL_REFERENCE,MEDIACRAWLER_REAL_CDP,KNOWLEDGE_EXPLAINER,13,COMMENT_HEAVY,0.033,0.037,0.084
7449714164832029961,DY_REAL_7449714164832029961,https://www.douyin.com/video/7449714164832029961,李***经,月入5000以上，已经超过全国95%的人了。#老百姓关心的话题 #当代打工人现状,普通人收入,46811,3750,8459,18441,51.9,54.35,NORMAL_REFERENCE,MEDIACRAWLER_REAL_CDP,KNOWLEDGE_EXPLAINER,23,COMMENT_HEAVY;SHARE_HEAVY,0.181,0.394,0.08
7355350481545202953,DY_REAL_7355350481545202953,https://www.douyin.com/video/7355350481545202953,夏***嘚,#日常唠嗑 #消费观 #消费降级 #我要上热门 #水果人的日常 2024不在追求高端奢侈，追求的是性价比了@抖音创作者中心,消费降级,35670,12249,4159,31114,47.6,54.23,NORMAL_REFERENCE,MEDIACRAWLER_REAL_CDP,TALKING_HEAD,16,COMMENT_HEAVY;SHARE_HEAVY,0.117,0.872,0.343
7091848258103921934,DY_REAL_7091848258103921934,https://www.douyin.com/video/7091848258103921934,韩***济,第638期：未来两年，中产，会返贫吗？活下去才是硬道理！#中产 #房贷 #就业 #裁员 #韩秀云 ,中产焦虑,64823,2068,7462,22224,58.5,53.94,NORMAL_REFERENCE,MEDIACRAWLER_REAL_CDP,KNOWLEDGE_EXPLAINER,21,COMMENT_HEAVY;SHARE_HEAVY,0.115,0.343,0.032
7664590011446199141,DY_REAL_7664590011446199141,https://www.douyin.com/video/7664590011446199141,王***）,"想翻身，就记住这3句话
#负债#创业#赚钱#翻身#上岸",普通人翻身,34531,7330,17341,5599,46.9,53.91,NORMAL_REFERENCE,MEDIACRAWLER_REAL_CDP,STORY_EXPLAINER,35,COMMENT_HEAVY;SAVE_HEAVY;SHARE_HEAVY,0.502,0.162,0.212
