creator_id,creator,platform,tag,video_id,source_url,title,publish_time,duration_sec,view_count,like_count,transcript_source,asr_model,language,full_duration_covered,spoken_marker_eligible,manual_qa_status,transcript_completeness,spoken_chars_nospace,sha256_spoken
bidu,毕导,youtube,AUX_ORAL,-8RLg3epEIc,https://www.youtube.com/watch?v=-8RLg3epEIc,听到今年诺贝尔物理奖的结果，诺贝尔连夜转码了…… #诺贝尔物理奖 #诺贝尔 #诺贝尔奖,20241012,154,27669,597,youtube_audio_asr,base,zh,True,YES_UNSAMPLED,NOT_IN_SAMPLE,FULL_SPOKEN,604,974d6ae79f2fe015e55a30ca15c3d527d7b8baa4189de38cb77e1c03b00257a6
bidu,毕导,youtube,AUX_ORAL,-ZBxFmVquvg,https://www.youtube.com/watch?v=-ZBxFmVquvg,决定论的终结：小球、穹顶与牛顿第四定律,20240109,477,112804,2144,youtube_audio_asr,base,zh,True,YES_UNSAMPLED,NOT_IN_SAMPLE,FULL_SPOKEN,270,a1342d936ece7a848f53553f614b96d984f7a6188fd877a5c5551a07a3e2dcd7
bidu,毕导,youtube,AUX_ORAL,152w4-Vnp80,https://www.youtube.com/watch?v=152w4-Vnp80,如何一口吃完室友的泡面？绝活，我只教一遍,20231224,98,40770,614,youtube_audio_asr,base,zh,True,YES_UNSAMPLED,NOT_IN_SAMPLE,FULL_SPOKEN,288,01614d8864c46e48090302711ee42577b22cc031fbc24508a6d264d305fc18bd
bidu,毕导,youtube,AUX_ORAL,5-ss4zykmag,https://www.youtube.com/watch?v=5-ss4zykmag,一期我从没做过的视频，几万人说看过了？#Science #科普 #曼德拉效应,20260130,228,75264,1650,youtube_audio_asr,base,zh,True,YES_UNSAMPLED,NOT_IN_SAMPLE,FULL_SPOKEN,552,bd35a59fa5a919fc2fb29e77a174903cbb67d148c170d5461364b88b161e1afa
bidu,毕导,youtube,AUX_ORAL,5USj3oNgpJg,https://www.youtube.com/watch?v=5USj3oNgpJg,1分钟，教你口算出宇宙的年龄！#宇宙 #冷知识 #科学,20240809,178,39651,766,youtube_audio_asr,base,zh,True,YES_UNSAMPLED,NOT_IN_SAMPLE,FULL_SPOKEN,937,ad8f49fd8ea56a5a386ddde10e84002d74a8b05a740d0a44279b205df14adab5
bidu,毕导,youtube,AUX_ORAL,6XXuFdT5lk4,https://www.youtube.com/watch?v=6XXuFdT5lk4,在火锅店吃到了变色香油？！我还有救吗……#光学 #冷知识 #科普,20240511,262,55777,1061,youtube_audio_asr,base,zh,True,YES_UNSAMPLED,NOT_IN_SAMPLE,FULL_SPOKEN,284,5eec2d9b0a158413aaced3148c01388b292ba5d24d222ab8b76d4452959561a9
bidu,毕导,youtube,AUX_ORAL,6vDsLvD4VDY,https://www.youtube.com/watch?v=6vDsLvD4VDY,你永远不知道，化学家为了打发无聊会干出什么事 Are chemists really bored?丨毕导THU,20191210,464,65033,1709,youtube_audio_asr,base,zh,True,YES,PASS,FULL_SPOKEN,1293,5efc5c6a508d644a573fe373d6f1d580dc7f3e1a350d56f1ab34f3fed7cb6565
bidu,毕导,youtube,AUX_ORAL,7AgJ6UrZtnY,https://www.youtube.com/watch?v=7AgJ6UrZtnY,摇可乐会喷的真正原因，你可能错了十几年！#知識分享 #科學揭秘 #科學 #科普 #冷知識 #物理 #生活 #可乐 #知识分享 #知识百科 #科普一下,20260817,189,86557,1644,youtube_audio_asr,base,zh,True,YES_UNSAMPLED,NOT_IN_SAMPLE,FULL_SPOKEN,409,1122636b3952dce3c94597d1971ec620bbe8cd22eec8de0710a81c5a730e72b1
bidu,毕导,youtube,AUX_ORAL,7jmPDOf1Uqc,https://www.youtube.com/watch?v=7jmPDOf1Uqc,以防你没见过会吐泡泡的蘑菇 #科普 #物理 #数学,20241014,120,60332,944,youtube_audio_asr,base,zh,True,YES,PASS,FULL_SPOKEN,333,361c87384d74a55d6e640d0a2d118b2ae79d53ab59af6a5b81e2b9c98a886671
bidu,毕导,youtube,AUX_ORAL,8FIynQxY52I,https://www.youtube.com/watch?v=8FIynQxY52I,😲啊？铁丝网也能托住一杯水？#知識分享 #science  #物理 #百科密码 #experiment #科學揭秘 #科普 #physics #冷知識 #knowledge #water #化学,20260709,209,78010,1294,youtube_audio_asr,base,zh,True,YES_UNSAMPLED,NOT_IN_SAMPLE,FULL_SPOKEN,489,8748e9213ea7aefda6248a5db36301480d934bfc3ff540299c6d30dcda3c331d
bidu,毕导,youtube,AUX_ORAL,A0FmkFEWe-E,https://www.youtube.com/watch?v=A0FmkFEWe-E,【毕导】你真的该读研吗？读研就注定搞科研吗？,20200309,465,22440,586,youtube_audio_asr,base,zh,True,YES_UNSAMPLED,NOT_IN_SAMPLE,FULL_SPOKEN,523,93c0279a6f87fc0a23670afe1c7927dc268e2c12a2a5ed0ec5575b598a0324ea
bidu,毕导,youtube,AUX_ORAL,AzmfXWA6Eqg,https://www.youtube.com/watch?v=AzmfXWA6Eqg,诺贝尔化学奖，又是AI？？留给诺贝尔转码的时间不多了...#诺贝尔奖 #诺贝尔化学奖 #ai,20241010,155,20784,389,youtube_audio_asr,base,zh,True,YES_UNSAMPLED,NOT_IN_SAMPLE,FULL_SPOKEN,875,bb21c00485c20b2f482834c671684442d4fc8fd6c5f5d450fa1034fc319a6a52
bidu,毕导,youtube,AUX_ORAL,EC4k4q8URoo,https://www.youtube.com/watch?v=EC4k4q8URoo,你听着是咪咪还是咕噜？听完我差点跟儿子绝交...,20231222,109,21228,334,youtube_audio_asr,base,zh,True,YES_UNSAMPLED,NOT_IN_SAMPLE,FULL_SPOKEN,536,6a0b3a911eaf2e84d64fd973b17e0104800f9a817f503662f75dd4239d8fc0dc
bidu,毕导,youtube,AUX_ORAL,Go2l9Gc8LOs,https://www.youtube.com/watch?v=Go2l9Gc8LOs,学渣的绝地求生！如何快速肝出一篇优秀的学术论文？丨毕导THU,20200508,407,147857,5794,youtube_audio_asr,base,zh,True,YES_UNSAMPLED,NOT_IN_SAMPLE,FULL_SPOKEN,393,4813aebfc52e41ed9514599c463ef70b53eb4334df03deb2a4e3da445aac2878
bidu,毕导,youtube,AUX_ORAL,InkelXjIR6Y,https://www.youtube.com/watch?v=InkelXjIR6Y,都说1不能除以0，如果我硬要除呢？ #数学 #科普 #math,20240628,177,288328,4706,youtube_audio_asr,base,zh,True,YES,PASS,FULL_SPOKEN,878,6db64a7f4c3a8a26beb408bc82deef09e752ce5331143d5cfa284bd0e476cd87
bidu,毕导,youtube,AUX_ORAL,J4dpVQhxxpI,https://www.youtube.com/watch?v=J4dpVQhxxpI,为了满足网友们的猜想，我差点误上断头台！ #Science #科普 #光 #物理 #physics,20260514,298,57153,1759,youtube_audio_asr,base,zh,True,YES,PASS,FULL_SPOKEN,504,48488fa3a2862199b27106d3a4491605e0966e0858efb2a48902352f541ddb6d
bidu,毕导,youtube,AUX_ORAL,SPJTm6g3l64,https://www.youtube.com/watch?v=SPJTm6g3l64,女生勿进！男生尿尿时如何防止液体溅到脚上？Urodynamics during pee？丨毕导THU,20191126,423,37538,1122,youtube_audio_asr,base,zh,True,YES_UNSAMPLED,NOT_IN_SAMPLE,FULL_SPOKEN,248,cb91bab11f39213fcb0591148a0570bdfd51f2e21437180eb6f6aa4322b65348
bidu,毕导,youtube,AUX_ORAL,Y_rThz_v6e8,https://www.youtube.com/watch?v=Y_rThz_v6e8,世界上一半的人每天看见这个现象，却不知道为什么🧐#科普 #科普一下 #知识 #知识分享 #冷知识 #知识科普 #百科密码 #百科 #物理 #知識分享 #科學揭秘 #科學,20260917,165,120383,1026,youtube_audio_asr,base,zh,True,YES_UNSAMPLED,NOT_IN_SAMPLE,FULL_SPOKEN,543,dbfb0438f49308a8e1e6ae65c8e8628b67678e6c547e004e9e3085dd0416dac7
bidu,毕导,youtube,AUX_ORAL,ZCmkG6Yw1A8,https://www.youtube.com/watch?v=ZCmkG6Yw1A8,爆煮一个月绿豆汤！我正式终结绿豆汤的红绿之争！ #冷知识 #科普 #科学,20240920,468,218868,4730,youtube_audio_asr,base,zh,True,YES_UNSAMPLED,NOT_IN_SAMPLE,FULL_SPOKEN,488,f250b849a628d43b10b09c1690112e63c146aba096f1307e6010337eb3abc506
bidu,毕导,youtube,AUX_ORAL,ZdhxyGjU2VU,https://www.youtube.com/watch?v=ZdhxyGjU2VU,,,,,,,,zh,True,PENDING_QA,NOT_REVIEWED,FULL_SPOKEN,1121,f83674d21b052c040026fb44d5309bfe6781c92c4fe8b8719e764376680b4025
bidu,毕导,youtube,AUX_ORAL,Zw5teGECnKQ,https://www.youtube.com/watch?v=Zw5teGECnKQ,【毕导】薯片掉地上到底能不能吃了？这次我打脸我自己！Is the 5-Second Rule True？丨毕导THU,20191119,420,172936,4045,youtube_audio_asr,base,zh,True,YES_UNSAMPLED,NOT_IN_SAMPLE,FULL_SPOKEN,1555,f806af5ecba158c1f4a07805572696ba2cb14f61ebf2bfb16dd196a6499895e8
bidu,毕导,youtube,AUX_ORAL,aDGyz9dHrcs,https://www.youtube.com/watch?v=aDGyz9dHrcs,,,,,,,,zh,True,PENDING_QA,NOT_REVIEWED,FULL_SPOKEN,1533,2d8b464204142ec49ba5a9492be0ad86b0db9c9f140e01f0d698d04e2b998059
bidu,毕导,youtube,AUX_ORAL,c42HanmviN4,https://www.youtube.com/watch?v=c42HanmviN4,如何端水不洒？99%的人都不知道这个技巧！ #Science #科普 #物理 #physics #知識分享 #酒 #drinks,20260502,223,161977,3523,youtube_audio_asr,base,zh,True,YES_UNSAMPLED,NOT_IN_SAMPLE,FULL_SPOKEN,479,4c37fb316e082a0ec6a1e019869e2049459ce2f640e71340851c879df39983c5
bidu,毕导,youtube,AUX_ORAL,e9qSfuygdNM,https://www.youtube.com/watch?v=e9qSfuygdNM,你试过，用肛门呼吸吗？#搞笑 #科学 #自然 #funny #science #scienceexperiment,20250612,484,86114,1859,youtube_audio_asr,base,zh,True,YES_UNSAMPLED,NOT_IN_SAMPLE,FULL_SPOKEN,541,3db7b1e069c030109dccfb02fecbe35d125cfeefd9b77cdf8a1f1c3738fab1ef
bidu,毕导,youtube,AUX_ORAL,epqteQ1dTbI,https://www.youtube.com/watch?v=epqteQ1dTbI,科学打假！乌鸦喝水的寓言竟然骗了我们这么多年！ |毕导,20201230,425,162003,4079,youtube_audio_asr,base,zh,True,YES_UNSAMPLED,NOT_IN_SAMPLE,FULL_SPOKEN,640,588046af5879c830bfeae770c990f0ba961b6104d14b7d92c78b8999f92fa1b7
bidu,毕导,youtube,AUX_ORAL,fSs_2aA1jGw,https://www.youtube.com/watch?v=fSs_2aA1jGw,两个蛋对撞，如何避免自己的蛋碎？,20240115,163,28969,579,youtube_audio_asr,base,zh,True,YES_UNSAMPLED,NOT_IN_SAMPLE,FULL_SPOKEN,831,d462c0112e6184b2a1cba91655000ab0befa99dd11c0b0f7f1561cf647853772
bidu,毕导,youtube,AUX_ORAL,g9kBB6KVCVU,https://www.youtube.com/watch?v=g9kBB6KVCVU,离谱，撒个尿也能发论文？？？#science #科学 #蚂蚁搬家 #杏鲍菇,20250418,482,62482,1409,youtube_audio_asr,base,zh,True,YES_UNSAMPLED,NOT_IN_SAMPLE,FULL_SPOKEN,850,3a75c7a75b1000e2f08591d6d5750b71e3e2af3d75ae26f09c09e15dfdf1ad6f
bidu,毕导,youtube,AUX_ORAL,gGSipBqT7nQ,https://www.youtube.com/watch?v=gGSipBqT7nQ,【毕导VLOG】山东蓝翔初体验：开挖掘机太赤鸡了吧！！！,20200131,289,6935,105,youtube_audio_asr,base,zh,True,YES_UNSAMPLED,NOT_IN_SAMPLE,FULL_SPOKEN,535,2a326a63a0108e8858335b7a98f586f679334278550480dbe690da40b31589dc
bidu,毕导,youtube,AUX_ORAL,gxilgGd5UHo,https://www.youtube.com/watch?v=gxilgGd5UHo,勇闯西安魔幻酒店！记我和兵马俑共处一室的24小时丨毕导VLOG001,20200107,264,9939,154,youtube_audio_asr,base,zh,True,YES_UNSAMPLED,NOT_IN_SAMPLE,FULL_SPOKEN,342,ad5ea60fc9c47379810cb45d9bce40daa435b6f602699b1b9300dc19e3d7fa85
bidu,毕导,youtube,AUX_ORAL,hZJrS7HNPaI,https://www.youtube.com/watch?v=hZJrS7HNPaI,哪个乐器听起来最像屁？你的音乐天赋，竟然不如一个屁……,20240119,98,12160,177,youtube_audio_asr,base,zh,True,YES_UNSAMPLED,NOT_IN_SAMPLE,FULL_SPOKEN,355,ecefe0e2b97d8fd6f0a5fa9caa272694bac7424ea3c6cb1a12af2bf2d4a0058b
bidu,毕导,youtube,AUX_ORAL,j0iDeQtNvcw,https://www.youtube.com/watch?v=j0iDeQtNvcw,【毕导VLOG】5000多块一晚，睡过之后果然是个坑,20200121,300,13117,164,youtube_audio_asr,base,zh,True,YES_UNSAMPLED,NOT_IN_SAMPLE,FULL_SPOKEN,313,ad1e486d391118a19e1a2ac0ee3cf63722bb16863bf1ddfef3b165f0ba8e4c52
bidu,毕导,youtube,AUX_ORAL,j5D6eqTWKls,https://www.youtube.com/watch?v=j5D6eqTWKls,一斤水能浮起十斤木头？答对了你就是阿基米德 #Science #科普 #阿基米德 #浮力,20260414,178,120397,1560,youtube_audio_asr,base,zh,True,YES_UNSAMPLED,NOT_IN_SAMPLE,FULL_SPOKEN,809,f76c6af294c44170bb6e6f8d362fc6afead63b0a130f2501a9dc0346cdca9091
bidu,毕导,youtube,AUX_ORAL,kHq0zFixGYQ,https://www.youtube.com/watch?v=kHq0zFixGYQ,闪光灯能隔空敲响铁盆！？？⚡窝 要 验 盆⚡#science #知識分享 #弹性波 #光声效应,20260313,270,157017,3041,youtube_audio_asr,base,zh,True,YES_UNSAMPLED,NOT_IN_SAMPLE,FULL_SPOKEN,313,b770c13958216022b70e0a168a040a0a0489215dcd8db9884cda2981ece2d1ba
bidu,毕导,youtube,AUX_ORAL,l9RMphp8ybA,https://www.youtube.com/watch?v=l9RMphp8ybA,不要眨眼！黄色的蜂蜜倒进碗里，竟然变绿了？？😲#知識分享 #science #百科密码 #experiment #科學揭秘 #科普 #physics #冷知識 #knowledge #化学,20260727,221,48629,1461,youtube_audio_asr,base,zh,True,YES_UNSAMPLED,NOT_IN_SAMPLE,FULL_SPOKEN,938,32139fb78b76237d2dfbbab681f9586e09506eb4f4ccd29ba60463d7a66d77a9
bidu,毕导,youtube,AUX_ORAL,lUhfPTA-yYE,https://www.youtube.com/watch?v=lUhfPTA-yYE,影子竟然断了？我在世界卡出一个bug！！#光学 #物理 #科普,20240816,159,50936,1220,youtube_audio_asr,base,zh,True,YES_UNSAMPLED,NOT_IN_SAMPLE,FULL_SPOKEN,786,0d5830f58c582fe5d4ebf1bac2a18a1dec46ff3b9f892d2ea361fa982b604813
bidu,毕导,youtube,AUX_ORAL,nAAb4D30HmE,https://www.youtube.com/watch?v=nAAb4D30HmE,搞黄色的科学依据？！为什么黄色才是世间万物的注定归宿！ |毕导,20210207,474,78787,2164,youtube_audio_asr,base,zh,True,YES_UNSAMPLED,NOT_IN_SAMPLE,FULL_SPOKEN,1086,75e43db3770726eb9a986603de29f74db148527c05cb626c6e46616da9972560
bidu,毕导,youtube,AUX_ORAL,nE5XAOe8-R8,https://www.youtube.com/watch?v=nE5XAOe8-R8,拿着哑铃立定跳更远？ #Science #科普 #物理 #摩擦力,20251226,221,74992,1717,youtube_audio_asr,base,zh,True,YES_UNSAMPLED,NOT_IN_SAMPLE,FULL_SPOKEN,400,a4c809123c4a70e8704f66ac1f46a78bf84bd134748d15aa99af57baa42da02b
bidu,毕导,youtube,AUX_ORAL,n_S9Z5NNY94,https://www.youtube.com/watch?v=n_S9Z5NNY94,我给自己发了2亿个红包，才发现先抢和后抢差距这么大！丨毕导THU,20200214,457,53610,1169,youtube_audio_asr,base,zh,True,YES_UNSAMPLED,NOT_IN_SAMPLE,FULL_SPOKEN,1030,e60f0d1d477f7d0b6a25196cd3bb765fec27358dd02d6a8b03ca136f598357ba
bidu,毕导,youtube,AUX_ORAL,oId_Mjqz-8w,https://www.youtube.com/watch?v=oId_Mjqz-8w,3分钟学会投硬币许愿，一发必中攒功德！#冷知识 #科普 #科学,20241118,177,46975,852,youtube_audio_asr,base,zh,True,YES_UNSAMPLED,NOT_IN_SAMPLE,FULL_SPOKEN,817,b0093b8b73a1af3e874bcadafc134fe1094d9e7ac7ea4aeceadf9eaaf648a915
bidu,毕导,youtube,AUX_ORAL,pcche0Vkefg,https://www.youtube.com/watch?v=pcche0Vkefg,为什么水可以很滑滑，也可以很涩涩？👀#知識分享 #science #物理 #百科密码 #experiment #科學揭秘 #科普 #physics #冷知識 #knowledge #water #化学,20260618,178,107825,1949,youtube_audio_asr,base,zh,True,YES_UNSAMPLED,NOT_IN_SAMPLE,FULL_SPOKEN,843,6872e1374725416f410cf748c6845f681710a91760e52b8488d5d44c8a96b792
bidu,毕导,youtube,AUX_ORAL,sEM3uErstSg,https://www.youtube.com/watch?v=sEM3uErstSg,或许是史上最枯燥的vlog——看电镜！#电镜 #科学 #科普,20240701,457,25716,420,youtube_audio_asr,base,zh,True,YES_UNSAMPLED,NOT_IN_SAMPLE,FULL_SPOKEN,539,1b6c8367acefa22cd023b9f8d63811107063bc3916db34aac49bdebf4ba375b7
bidu,毕导,youtube,AUX_ORAL,tIV84koPIpk,https://www.youtube.com/watch?v=tIV84koPIpk,刚买的李子丢进水里，直接长出了一层透明壳？？🤨#知識分享 #科學揭秘 #科學 #科普 #冷知識 #物理 #生活,20260728,190,61898,1254,youtube_audio_asr,base,zh,True,YES_UNSAMPLED,NOT_IN_SAMPLE,FULL_SPOKEN,379,88f3497d5625c509a58e9fa218bc2f876ec4a852d3c9d8502521125f307083f0
bidu,毕导,youtube,AUX_ORAL,u4Yipsf3Y24,https://www.youtube.com/watch?v=u4Yipsf3Y24,单身狗速进！如何科学有效地脱单？The 37% rule in a relationship丨毕导THU,20191203,437,49688,1600,youtube_audio_asr,base,zh,True,YES_UNSAMPLED,NOT_IN_SAMPLE,FULL_SPOKEN,2076,bc05cd50471ddd5b60902b1ab7753747a3bfa09f0813295f5d288e62f40aae15
bidu,毕导,youtube,AUX_ORAL,v1HBH8UnEgs,https://www.youtube.com/watch?v=v1HBH8UnEgs,离谱，这也能发论文...? 第1期 #科普 #冷知识,20240725,446,88156,1824,youtube_audio_asr,base,zh,True,YES_UNSAMPLED,NOT_IN_SAMPLE,FULL_SPOKEN,414,7c1b1beae16d1bc6ccaa8f1296db2fa3e934344bebea5de66a51d41e1fb0cdc2
bidu,毕导,youtube,AUX_ORAL,wN2X-KheNiM,https://www.youtube.com/watch?v=wN2X-KheNiM,如何得一个诺贝尔奖？ |毕导,20201223,372,58608,1033,youtube_audio_asr,base,zh,True,YES_UNSAMPLED,NOT_IN_SAMPLE,FULL_SPOKEN,640,901cfb257d19a942f855968dae4f32fd28ffb4cc0e182f35023307bd7e940143
bidu,毕导,youtube,AUX_ORAL,xHgsliDz7vE,https://www.youtube.com/watch?v=xHgsliDz7vE,电磁力是如何给你一份美满爱情的？How does electromagnetic force give you a happy love?丨毕导THU,20200114,407,12402,342,youtube_audio_asr,base,zh,True,YES_UNSAMPLED,NOT_IN_SAMPLE,FULL_SPOKEN,1023,c76a0ba3f27d42639c078416c6520284b74ea35016176aedbb34cabcacf8f2aa
bidu,毕导,youtube,AUX_ORAL,y5iZeneRzk0,https://www.youtube.com/watch?v=y5iZeneRzk0,火锅之神在此！如何优雅地吃一个撒尿牛丸？丨毕导THU,20191224,405,50283,1201,youtube_audio_asr,base,zh,True,YES_UNSAMPLED,NOT_IN_SAMPLE,FULL_SPOKEN,834,194bb4d52d119d7c616265898aece065673b59cf341da0bbcc265b34bdde1f7e
bidu,毕导,youtube,AUX_ORAL,yhMq7uSv5Q4,https://www.youtube.com/watch?v=yhMq7uSv5Q4,衣架套头，头就会自动转起来？是玄学还是科学？丨毕导THU,20200713,479,185980,3571,youtube_audio_asr,base,zh,True,YES,PASS,FULL_SPOKEN,977,d0672e1cbe4d632b700085857abd613cd8c32bb6d4a761ee30a07505c4ed5f5d
bidu,毕导,youtube,AUX_ORAL,zT2KVPl7mOo,https://www.youtube.com/watch?v=zT2KVPl7mOo,让全网吵架的0.5×0.8，到底怎么算？#科学 #科普 #数学,20241013,156,159367,2569,youtube_audio_asr,base,zh,True,YES_UNSAMPLED,NOT_IN_SAMPLE,FULL_SPOKEN,645,e0408f296ec94346b70729969ef8caa5420e3929f6e8b821492f2676c28cf4ac
bidu,毕导,youtube,AUX_ORAL,zXJ8GGbvJ5w,https://www.youtube.com/watch?v=zXJ8GGbvJ5w,,,,,,,,zh,True,PENDING_QA,NOT_REVIEWED,FULL_SPOKEN,274,0bf98792fde2a2f2788d421bc78f83c21252725cde5be665b41475ad8bd6e11b
hetongxue,老师好我叫何同学,youtube,AUX_ORAL,-NkxRoyHuzY,https://www.youtube.com/watch?v=-NkxRoyHuzY,去了趟蘋果在上海的實驗室...,20240927,179,61266,1036,youtube_public_caption,,zh,True,NO,AUTO_RESTRICTED_SOURCE,FULL_SPOKEN,821,43f27de123063810aac4875f786db68fda8f76da8649070fb5afb1e335fdd6ac
hetongxue,老师好我叫何同学,youtube,AUX_ORAL,-tHdM8dOeAc,https://www.youtube.com/watch?v=-tHdM8dOeAc,,,,,,,,zh,True,PENDING_QA,NOT_REVIEWED,FULL_SPOKEN,2485,824f0ea3e1096f3d8c80030931b2b8b2a89f91b4a0d4e45140b57ee235f3e1ac
hetongxue,老师好我叫何同学,youtube,AUX_ORAL,5A8jzd0wlOQ,https://www.youtube.com/watch?v=5A8jzd0wlOQ,公開我們的絕密數據,20250214,291,42617,946,youtube_public_caption,,zh,True,NO,AUTO_RESTRICTED_SOURCE,FULL_SPOKEN,1484,911368c3055d674cc5de0704a4a3bd9c7891f58266703fd626be63cd4214960f
hetongxue,老师好我叫何同学,youtube,AUX_ORAL,60PePcrWCKo,https://www.youtube.com/watch?v=60PePcrWCKo,美國小朋友就玩這個？ ！何同學工作室11月開箱,20241110,799,222825,3512,youtube_public_caption,,zh,True,NO,AUTO_RESTRICTED_SOURCE,FULL_SPOKEN,3614,4da3883662021558d58a4e783e9dbe609fcfd83bc668e1e6bb06b8ded7b9f842
hetongxue,老师好我叫何同学,youtube,AUX_ORAL,9vnr69Lg4_I,https://www.youtube.com/watch?v=9vnr69Lg4_I,,,,,,,,zh,True,PENDING_QA,NOT_REVIEWED,FULL_SPOKEN,14184,fb433cf9f4d99e56ea94fd70161dd54e806a9eb893c999c4432bb71e02d012e9
hetongxue,老师好我叫何同学,youtube,AUX_ORAL,CCN3jeueHQ4,https://www.youtube.com/watch?v=CCN3jeueHQ4,為了不用自己取外賣，我們做了這個...,20260529,200,235718,6310,youtube_public_caption,,zh,True,NO,PASS_LOGIC_ONLY,FULL_SPOKEN,1132,1a10ae184bd31988622d7d838d284ea35c8fc26432b2380b7e4990082561b749
hetongxue,老师好我叫何同学,youtube,AUX_ORAL,CYENwrdCZxI,https://www.youtube.com/watch?v=CYENwrdCZxI,【何同學】為了拍到最美的星雲，我們做了一個移動天文台,20250808,397,175840,8562,youtube_public_caption,,zh,True,NO,AUTO_RESTRICTED_SOURCE,FULL_SPOKEN,1403,ff81e0e23d907ae7a187b9e740ebc1eb2d187596cfb483dc07b0abade29103c9
hetongxue,老师好我叫何同学,youtube,AUX_ORAL,EWlpe77QFkA,https://www.youtube.com/watch?v=EWlpe77QFkA,我們做了把自動駕駛辦公椅...,20260418,736,178637,7917,youtube_public_caption,,zh,True,NO,AUTO_RESTRICTED_SOURCE,FULL_SPOKEN,3360,f6f0ea09d45849103b8333b8de836eed1bf17f26b11341946fdadfde37dbcd95
hetongxue,老师好我叫何同学,youtube,AUX_ORAL,GlwUumdSpeY,https://www.youtube.com/watch?v=GlwUumdSpeY,確實挺mini的…,20241031,262,120002,1590,youtube_public_caption,,zh,True,NO,AUTO_RESTRICTED_SOURCE,FULL_SPOKEN,1568,86f67f91da95f4cb886db82b3746ff6d2a780487ce34636583295ec349d5746f
hetongxue,老师好我叫何同学,youtube,AUX_ORAL,HE8bnnBwQVQ,https://www.youtube.com/watch?v=HE8bnnBwQVQ,新iPad Pro現場上手！,20240507,132,40250,597,youtube_public_caption,,zh,True,NO,AUTO_RESTRICTED_SOURCE,FULL_SPOKEN,751,547eb5cc8c6f43eb0384b3b83c8d548d76058d8a9a40e42c42f6365b47b376ea
hetongxue,老师好我叫何同学,youtube,AUX_ORAL,Hme82Ud1Fpk,https://www.youtube.com/watch?v=Hme82Ud1Fpk,水刀切相机？何同学工作室2月开箱,20240229,484,177212,4024,youtube_audio_asr,base,zh,True,YES_UNSAMPLED,NOT_IN_SAMPLE,FULL_SPOKEN,932,2181617d3e48fa7e4dcaff321de9b117cbbf9c4f4e8b06d2a2073906d29f86a3
hetongxue,老师好我叫何同学,youtube,AUX_ORAL,J5Mn9glb-mw,https://www.youtube.com/watch?v=J5Mn9glb-mw,3000萬人看過的晶體森林，到底要怎麼拍？,20250103,181,22349,531,youtube_public_caption,,zh,True,NO,AUTO_RESTRICTED_SOURCE,FULL_SPOKEN,914,92ccdaa7f18218e214cd27e63b1371f01d2d27540b42c377368f01c1a306b815
hetongxue,老师好我叫何同学,youtube,AUX_ORAL,N862G-3Jh6Q,https://www.youtube.com/watch?v=N862G-3Jh6Q,【何同学】我毕业了！！,20210725,452,87043,2860,youtube_audio_asr,base,zh,True,YES_UNSAMPLED,NOT_IN_SAMPLE,FULL_SPOKEN,1058,929dc4c668f2a41929c331ccc0fc49fb06f90609517098ed98b8069fd04639a3
hetongxue,老师好我叫何同学,youtube,AUX_ORAL,NXbDfXr8w3Y,https://www.youtube.com/watch?v=NXbDfXr8w3Y,三代封神！那四代呢？大疆Pocket 4首發體驗,20260416,554,57453,1022,youtube_public_caption,,zh,True,NO,AUTO_RESTRICTED_SOURCE,FULL_SPOKEN,3409,34c20ee2dd3c6d3c1120e53034e2a94afc5d19d4395491b3f792aa3ba0018286
hetongxue,老师好我叫何同学,youtube,AUX_ORAL,OMuxeHgE1f0,https://www.youtube.com/watch?v=OMuxeHgE1f0,這是我見過最精緻的電子產品...何同學工作室5月開箱,20240531,699,210379,5393,youtube_public_caption,,zh,True,NO,AUTO_RESTRICTED_SOURCE,FULL_SPOKEN,3248,f4376d3b814996f690201a02944c584cbe68cbbbe77907ab7daeb192b15753c9
hetongxue,老师好我叫何同学,youtube,AUX_ORAL,OuBZ2m2DRYI,https://www.youtube.com/watch?v=OuBZ2m2DRYI,今年WWDC最有用的十個新功能,20240611,218,26350,464,youtube_public_caption,,zh,True,NO,AUTO_RESTRICTED_SOURCE,FULL_SPOKEN,1549,856168aaffddbb204936943be37e714c8338e4d547a16e8bc5665a94bd0c2173
hetongxue,老师好我叫何同学,youtube,AUX_ORAL,Pgk1G6KIjIo,https://www.youtube.com/watch?v=Pgk1G6KIjIo,【何同学】我们做了条流水线……,20240123,720,621156,24342,youtube_audio_asr,base,zh,True,YES_UNSAMPLED,NOT_IN_SAMPLE,FULL_SPOKEN,370,f1a2cf1253396f07483beb5a822a13328135a8623bbcf8bc63416c19fc383fe7
hetongxue,老师好我叫何同学,youtube,AUX_ORAL,QmNMGGU1g00,https://www.youtube.com/watch?v=QmNMGGU1g00,為了幫粉絲走路，我們做了這個...,20260612,420,61166,3815,youtube_public_caption,,zh,True,NO,AUTO_RESTRICTED_SOURCE,FULL_SPOKEN,1903,bf1599ef86864eecc4e7417c14742adcce85dce8ec653adfffe7ece60596410f
hetongxue,老师好我叫何同学,youtube,AUX_ORAL,SfKXHCJDGKM,https://www.youtube.com/watch?v=SfKXHCJDGKM,【何同学】我用108天开了个灯......,20230406,453,297359,8542,youtube_audio_asr,base,zh,True,YES_UNSAMPLED,NOT_IN_SAMPLE,FULL_SPOKEN,262,5b6903822608bc69761544da2c678622bc70d9fbf7fc850c7f29b0f01d2077b1
hetongxue,老师好我叫何同学,youtube,AUX_ORAL,VD4Woyht7EU,https://www.youtube.com/watch?v=VD4Woyht7EU,iPhone 16 系列上手體驗！,20240909,109,48838,790,youtube_public_caption,,zh,True,NO,AUTO_RESTRICTED_SOURCE,FULL_SPOKEN,726,5b66f59982382392de05a81bf626cffc7c69b38c6e30b47b6e43ea3e288479aa
hetongxue,老师好我叫何同学,youtube,AUX_ORAL,Xyi1qmpFUd0,https://www.youtube.com/watch?v=Xyi1qmpFUd0,【何同學】不用電，你能把一張A4紙扔多遠？,20240408,593,480386,10298,youtube_public_caption,,zh,True,NO,AUTO_RESTRICTED_SOURCE,FULL_SPOKEN,2321,4bd77e775b65c545f8cc4079cf39ea61525be39a06ec77f6d5959b32d04bcf94
hetongxue,老师好我叫何同学,youtube,AUX_ORAL,Z5c6fj1NR8g,https://www.youtube.com/watch?v=Z5c6fj1NR8g,這竟然是40多年前的東西了嗎,20240308,99,27310,729,youtube_public_caption,,zh,True,NO,AUTO_RESTRICTED_SOURCE,FULL_SPOKEN,542,684ac4bb0f6eb63858671703df414cb86fe5da0838318748bc323a5a1aead2f7
hetongxue,老师好我叫何同学,youtube,AUX_ORAL,Zoe9FOZRkJY,https://www.youtube.com/watch?v=Zoe9FOZRkJY,,,,,,,,zh,True,PENDING_QA,NOT_REVIEWED,FULL_SPOKEN,655,80573109df44ee99013d3feb76863d98fd17a3758c6f49a2bf6d14a26e72b8e0
hetongxue,老师好我叫何同学,youtube,AUX_ORAL,_1AaLf9khpc,https://www.youtube.com/watch?v=_1AaLf9khpc,【何同学】很牛，但没用丨苹果Vision Pro深度体验,20240224,899,635597,9472,youtube_audio_asr,base,zh,True,YES_UNSAMPLED,NOT_IN_SAMPLE,FULL_SPOKEN,1300,ff0d844750e931bcb94b20c507c347ab0b92c26fd430db42609a320d41ed6b0f
hetongxue,老师好我叫何同学,youtube,AUX_ORAL,abxKhFjGB88,https://www.youtube.com/watch?v=abxKhFjGB88,【何同學】不煞車，你能把車飛多遠？（Super也好君解說版）,20241016,881,316717,6896,youtube_public_caption,,zh,True,NO,AUTO_RESTRICTED_SOURCE,FULL_SPOKEN,4347,a489acc461280f85e0277339969b3bbc7d59f3b93c82a0f9bea54eb1162226ac
hetongxue,老师好我叫何同学,youtube,AUX_ORAL,bxm-Gt00-R4,https://www.youtube.com/watch?v=bxm-Gt00-R4,我們做了一台魔法鋼琴...,20260110,840,257096,18958,youtube_public_caption,,zh,True,NO,AUTO_RESTRICTED_SOURCE,FULL_SPOKEN,3555,dbdaac401a95f4e1ae2daea7cf05f8b5f6011871677eaeb91efabe3c6a4e8f20
hetongxue,老师好我叫何同学,youtube,AUX_ORAL,fIY9bid-WNQ,https://www.youtube.com/watch?v=fIY9bid-WNQ,為了讓大家多喝水，我把茶水吧改成了遊戲廳…,20240827,183,304433,4539,youtube_public_caption,,zh,True,NO,AUTO_RESTRICTED_SOURCE,FULL_SPOKEN,892,3c32b29ae116409da6730c1a4e0892c19f6d5ad70462571630984d7654ec9e45
hetongxue,老师好我叫何同学,youtube,AUX_ORAL,fW5yXno_4Hw,https://www.youtube.com/watch?v=fW5yXno_4Hw,普通人健身100天，變化有多大？,20260827,315,246396,1667,youtube_public_caption,,zh,True,NO,AUTO_RESTRICTED_SOURCE,FULL_SPOKEN,5399,7ac34e75ffc64613e1c59aea5fe29cac07f49fa1442b24706cd9b886ffcfe1bf
hetongxue,老师好我叫何同学,youtube,AUX_ORAL,gIfD6YtY0ts,https://www.youtube.com/watch?v=gIfD6YtY0ts,為了不用擦白板，我們做了這個...,20250725,206,127050,3125,youtube_public_caption,,zh,True,NO,AUTO_RESTRICTED_SOURCE,FULL_SPOKEN,3056,c67e2fd17e618f98577151d7dc2c5fb42b399fe211f23d317db2f47eb7e83b4c
hetongxue,老师好我叫何同学,youtube,AUX_ORAL,gKPk7c4tn0U,https://www.youtube.com/watch?v=gKPk7c4tn0U,我們拍了個擦鏡布廣告...,20250214,362,43886,873,youtube_public_caption,,zh,True,NO,AUTO_RESTRICTED_SOURCE,FULL_SPOKEN,1489,9240969fe6a4208d73eb4de6aed231f47acb12a797ef0d0d26f306d9435b6176
hetongxue,老师好我叫何同学,youtube,AUX_ORAL,glZ9JVTuolk,https://www.youtube.com/watch?v=glZ9JVTuolk,我被同事戴上了測謊儀…何同學工作室8月開箱,20240831,567,134016,2603,youtube_public_caption,,zh,True,NO,AUTO_RESTRICTED_SOURCE,FULL_SPOKEN,3154,ac78082238eea1eed356ce9e3d15ccd2aba2d6f6f66ea61bd2edb8fe856b8561
hetongxue,老师好我叫何同学,youtube,AUX_ORAL,hFZ1CsQulmw,https://www.youtube.com/watch?v=hFZ1CsQulmw,【何同學】為了不用倒垃圾，我們做了這個...,20250721,231,436363,14245,youtube_public_caption,,zh,True,NO,AUTO_RESTRICTED_SOURCE,FULL_SPOKEN,877,0e5fdaf32bc9e621f79a656b7e99413cb8846bc5e32dae6d8e9417e61e9ef01e
hetongxue,老师好我叫何同学,youtube,AUX_ORAL,h_NnHgmB530,https://www.youtube.com/watch?v=h_NnHgmB530,為了幫粉絲放牛，我們做了這個...,20251118,311,85663,2962,youtube_public_caption,,zh,True,NO,AUTO_RESTRICTED_SOURCE,FULL_SPOKEN,4709,1f0ecf2dca166de93f298c8177bf1064b2f5e8522a4215bf4a2ed8624f8c600b
hetongxue,老师好我叫何同学,youtube,AUX_ORAL,ic2qcE1gyTQ,https://www.youtube.com/watch?v=ic2qcE1gyTQ,為了找到最好喝的可樂，我請1000人喝了冰可樂...,20241018,244,88687,2192,youtube_public_caption,,zh,True,NO,AUTO_RESTRICTED_SOURCE,FULL_SPOKEN,1287,cad39c9a7558417e5098cca7c87ee2d783e23ac573463c8b14dbdb54cf2dcaa5
hetongxue,老师好我叫何同学,youtube,AUX_ORAL,khdXzOVYljg,https://www.youtube.com/watch?v=khdXzOVYljg,世界最亮手電筒？能切塑料的手工刀？何同學工作室4月開箱,20240430,353,114900,2404,youtube_public_caption,,zh,True,NO,PASS_LOGIC_ONLY,FULL_SPOKEN,5736,7c937f5ca10b1a0a105fe9b60f2edd5480583169e5c94e3bb1d3bb3e6a2bfa57
hetongxue,老师好我叫何同学,youtube,AUX_ORAL,knXQ0jUW-Ns,https://www.youtube.com/watch?v=knXQ0jUW-Ns,WWDC26我最喜歡的5個新功能,20260609,282,26746,572,youtube_public_caption,,zh,True,NO,AUTO_RESTRICTED_SOURCE,FULL_SPOKEN,1581,2f97a31864de4ec9ea68456e195e98b5a1e6d4e69c8640635fad7a6bd2d36e77
hetongxue,老师好我叫何同学,youtube,AUX_ORAL,m5tWy90A2_w,https://www.youtube.com/watch?v=m5tWy90A2_w,被新員工打了。,20240907,124,50659,1051,youtube_public_caption,,zh,True,NO,AUTO_RESTRICTED_SOURCE,FULL_SPOKEN,323,87d7d4ab7bb4d288d972e4184b0cf727d3c91e8e1e0a512c9cb7fc6692fad4fe
hetongxue,老师好我叫何同学,youtube,AUX_ORAL,n_jQGRymHCw,https://www.youtube.com/watch?v=n_jQGRymHCw,為了睡個好覺，我們做了這個...,20260807,226,195061,5535,youtube_public_caption,,zh,True,NO,PASS_LOGIC_ONLY,FULL_SPOKEN,1274,4d97aa1377ddb159473d74d01b8eeda9dd4165505a3c5c7b90d361fec9c0059e
hetongxue,老师好我叫何同学,youtube,AUX_ORAL,p2NiiyIDAWQ,https://www.youtube.com/watch?v=p2NiiyIDAWQ,【何同学】为了找到流量密码，我们做了个假视频网站...,20230517,792,213398,5339,youtube_audio_asr,base,zh,True,YES_UNSAMPLED,NOT_IN_SAMPLE,FULL_SPOKEN,660,2321a56f0cf518724a660c626b173d44249a374cd67f6ccd0af681f5cf976d12
hetongxue,老师好我叫何同学,youtube,AUX_ORAL,qQe8xkYu8S4,https://www.youtube.com/watch?v=qQe8xkYu8S4,邊充邊玩傷電池？24部手機，6個月，告訴妳最佳充電方式,20250516,420,761087,29893,youtube_public_caption,,zh,True,NO,AUTO_RESTRICTED_SOURCE,FULL_SPOKEN,2595,f8827a48c816b240c6667f3b066975fcfdbc388ef013b6d415d8457d652d9d27
hetongxue,老师好我叫何同学,youtube,AUX_ORAL,qgqr3gvQsGQ,https://www.youtube.com/watch?v=qgqr3gvQsGQ,我們種了一片晶體森林...,20241223,203,48022,1970,youtube_public_caption,,zh,True,NO,AUTO_RESTRICTED_SOURCE,FULL_SPOKEN,698,aa7f13f1bebc1c451233733c556dddfa64f9744c1fb4c72483506237427a04e5
hetongxue,老师好我叫何同学,youtube,AUX_ORAL,s371F4BYoP8,https://www.youtube.com/watch?v=s371F4BYoP8,為了吃口香糖，我招了個同事餵我…,20240905,116,115638,2564,youtube_public_caption,,zh,True,NO,AUTO_RESTRICTED_SOURCE,FULL_SPOKEN,461,1d137a8c0135337396dd148155f7319e5c6ae1ba1e22f57cf9ad64a1abc078ed
hetongxue,老师好我叫何同学,youtube,AUX_ORAL,tPAnFz01ieY,https://www.youtube.com/watch?v=tPAnFz01ieY,【何同學】我們做了個特別的鍵盤...,20250430,317,181126,8036,youtube_public_caption,,zh,True,NO,AUTO_RESTRICTED_SOURCE,FULL_SPOKEN,1446,f819b4f02b45a3b64cd30f32bb14bde76e72841bb93d860c04f09216e0acc7e1
hetongxue,老师好我叫何同学,youtube,AUX_ORAL,txfIzLpR9Uc,https://www.youtube.com/watch?v=txfIzLpR9Uc,【何同学】快充伤电池？40部手机两年实验，告诉你最佳充电方式,20230406,566,1054416,60285,youtube_audio_asr,base,zh,True,YES,PASS,FULL_SPOKEN,827,3f63981e8a53d6b3c7dcc59f2f718e5ce3599b1040e9fcfee616ba70d57e5708
hetongxue,老师好我叫何同学,youtube,AUX_ORAL,u4HduR9I--I,https://www.youtube.com/watch?v=u4HduR9I--I,【何同學】你再也回不到19歲的夏天了...,20240812,890,363548,10029,youtube_public_caption,,zh,True,NO,AUTO_RESTRICTED_SOURCE,FULL_SPOKEN,3761,e80a1e5ddb74c80aa2d98a30c8b2b08983e4034f44bb53fd190ec5d57dd8a7f1
hetongxue,老师好我叫何同学,youtube,AUX_ORAL,uEIKjVlrPtc,https://www.youtube.com/watch?v=uEIKjVlrPtc,电动外骨骼？超微距镜头？何同学工作室3月开箱,20240329,645,157235,4344,youtube_public_caption,,zh,True,NO,AUTO_RESTRICTED_SOURCE,FULL_SPOKEN,2626,f683dbab49b46d21e2cf404ffca1e071b3c98a36a1afaa7b102e2d851501bbe1
hetongxue,老师好我叫何同学,youtube,AUX_ORAL,uSbNu5LsIi0,https://www.youtube.com/watch?v=uSbNu5LsIi0,【何同學】100塊到100萬的音響有啥區別？,20240426,782,869328,21137,youtube_public_caption,,zh,True,NO,AUTO_RESTRICTED_SOURCE,FULL_SPOKEN,3307,8bd84222d9b8685738df92dc80d74fd12c966887265df784313975061f518691
hetongxue,老师好我叫何同学,youtube,AUX_ORAL,vriV1wMJ7VA,https://www.youtube.com/watch?v=vriV1wMJ7VA,我從沒體驗過這麼差的產品……何同學工作室七月開箱,20240708,750,151073,2880,youtube_public_caption,,zh,True,NO,PASS_LOGIC_ONLY,FULL_SPOKEN,3819,c07d149af43b35ded2d2f2c51d4018523b0714979f5b2e356969f85f69ea6a7a
hetongxue,老师好我叫何同学,youtube,AUX_ORAL,y2sFXucB_64,https://www.youtube.com/watch?v=y2sFXucB_64,【何同学】我找到了我最喜欢的数码产品，但是...,20230406,729,247762,6851,youtube_audio_asr,base,zh,True,YES_UNSAMPLED,NOT_IN_SAMPLE,FULL_SPOKEN,281,756d10a2a1935ebce0ba42b5727c6bdd32549fb5308501567fe449f2d234886c
hetongxue,老师好我叫何同学,youtube,AUX_ORAL,yNoWMaOyWHY,https://www.youtube.com/watch?v=yNoWMaOyWHY,【何同学】我们做了一个中文打字机...,20230327,570,555558,18244,youtube_public_caption,,zh,True,NO,AUTO_RESTRICTED_SOURCE,FULL_SPOKEN,2705,a01a1295de8008bc96db24b119f2440f62e75c38b37807334b7a87d9790ab52a
wushi_caijing,巫师财经,youtube,AUX_ORAL,-McZ6nbGRUM,https://www.youtube.com/watch?v=-McZ6nbGRUM,Why invest China爱国的美国人应该投资中国股市 follow me on douyin #douyin #tiktok #tiktokrefugee,20250117,273,9454,148,youtube_audio_asr,base,zh,True,YES_UNSAMPLED,NOT_IN_SAMPLE,FULL_SPOKEN,697,9a93991aadc558cecee42deb8361a61103fb104ead051a16e2e5263749ef598b
wushi_caijing,巫师财经,youtube,AUX_ORAL,2Y8fCRSZwY4,https://www.youtube.com/watch?v=2Y8fCRSZwY4,【巫师】网红与资本EP.18，papi资本化，暴走漫画和日食记,20220830,633,13042,93,youtube_audio_asr,base,zh,True,YES,PASS,FULL_SPOKEN,1067,a9f27f6203060cad929acd16b23f5f3dc1719571cc70f492891f9e9821d61615
wushi_caijing,巫师财经,youtube,AUX_ORAL,2oFB24-8_X4,https://www.youtube.com/watch?v=2oFB24-8_X4,【巫师】网红与资本简史EP.12：李佳琦的资本操作+2009开头,20220823,457,14938,84,youtube_audio_asr,base,zh,True,YES_UNSAMPLED,NOT_IN_SAMPLE,FULL_SPOKEN,1024,c530d158069404e063e04d1fd86b46ea8da266060955d44140f782403e34d4d4
wushi_caijing,巫师财经,youtube,AUX_ORAL,3iqRj_t-Yjg,https://www.youtube.com/watch?v=3iqRj_t-Yjg,【巫师】扒一扒邹市明冉莹颖经济链，今年内娱最成功的操盘,20260717,341,11616,124,youtube_audio_asr,base,zh,True,YES_UNSAMPLED,NOT_IN_SAMPLE,FULL_SPOKEN,1808,0267ab24ad47e96d4618d2be7b81e298520e162d883da53bba2bf4a58aeb83bc
wushi_caijing,巫师财经,youtube,AUX_ORAL,4_PMRl9I0R4,https://www.youtube.com/watch?v=4_PMRl9I0R4,【巫师】抽象文化：起高楼,20220905,620,9141,75,youtube_audio_asr,base,zh,True,YES_UNSAMPLED,NOT_IN_SAMPLE,FULL_SPOKEN,705,a90b0fd4f5eeda38eadce6aecdf95a1710d1a8775b9720fefcc5c92046c43004
wushi_caijing,巫师财经,youtube,AUX_ORAL,5T7FRKcpbOg,https://www.youtube.com/watch?v=5T7FRKcpbOg,【巫师】审丑：芙蓉姐姐和罗玉凤的崛起,20220902,402,8436,56,youtube_audio_asr,base,zh,True,YES_UNSAMPLED,NOT_IN_SAMPLE,FULL_SPOKEN,716,e04f6a775eed54ef788ef628cd6136785818e57ab2ebd97cdd520d76811f3e4f
wushi_caijing,巫师财经,youtube,AUX_ORAL,5X_f96pyp0s,https://www.youtube.com/watch?v=5X_f96pyp0s,【巫师】汇报一下近期的线下工作,20240608,156,5133,46,youtube_audio_asr,base,zh,True,YES_UNSAMPLED,NOT_IN_SAMPLE,FULL_SPOKEN,388,0c946996a2e193330a53b382ef137d941affe8e7c5c20e937ce1d0a180045403
wushi_caijing,巫师财经,youtube,AUX_ORAL,7V0YPwV6M4g,https://www.youtube.com/watch?v=7V0YPwV6M4g,【巫师】关税战02：应给人民爆装备，以及普通人如何应对(7条建议,20250410,786,94933,2400,youtube_audio_asr,base,zh,True,NO,RESTRICTED,FULL_SPOKEN,1292,7c1af250d2d58a78c06898f96a2c65cc6a4ec53de20b70751887c6d4d89773d6
wushi_caijing,巫师财经,youtube,AUX_ORAL,9rqqeK5a_wk,https://www.youtube.com/watch?v=9rqqeK5a_wk,【巫师】综艺IP和狼人杀的崩盘,20220917,651,14263,118,youtube_audio_asr,base,zh,True,YES_UNSAMPLED,NOT_IN_SAMPLE,FULL_SPOKEN,671,4d6ed27cc4c453574fbbbed107c24602b2f2cadd1328b1ef1a0dc454512ec3ae
wushi_caijing,巫师财经,bilibili,AUX_ORAL,BV1ViEg6PESR,https://www.bilibili.com/video/BV1ViEg6PESR,,,,,,,,zh,True,PENDING_QA,NOT_REVIEWED,FULL_SPOKEN,3045,be804ba2e2a445a5839015b543efdfb97c08e2bc97fc2ca5a3cef4e23300a205
wushi_caijing,巫师财经,youtube,AUX_ORAL,DhyJCZkwZqo,https://www.youtube.com/watch?v=DhyJCZkwZqo,【巫师】网红与资本EP.16，水库欧神炒房时代落幕+同道大叔的发家,20220828,616,13823,98,youtube_audio_asr,base,zh,True,YES_UNSAMPLED,NOT_IN_SAMPLE,FULL_SPOKEN,1840,524f609f12e561d103dd6c2d14f2311aa891a4901912f3581a4787e9d62c7dd0
wushi_caijing,巫师财经,youtube,AUX_ORAL,FakcBw1sCwY,https://www.youtube.com/watch?v=FakcBw1sCwY,【巫师】李子柒的资本博弈,20220901,661,18738,151,youtube_audio_asr,base,zh,True,YES_UNSAMPLED,NOT_IN_SAMPLE,FULL_SPOKEN,1447,dcf67c292f1cb25aaf043f12ccc3f4c44c2ae3b81d4f2720845b1c37d463120c
wushi_caijing,巫师财经,youtube,AUX_ORAL,GXd5r1KtW0w,https://www.youtube.com/watch?v=GXd5r1KtW0w,,,,,,,,zh,True,PENDING_QA,NOT_REVIEWED,FULL_SPOKEN,2264,ca77e7424cbe3a0e4b71238a40d5aebf837bd18509fd758d91e9a7b7459f4a7a
wushi_caijing,巫师财经,youtube,AUX_ORAL,HLzGdUMxQtU,https://www.youtube.com/watch?v=HLzGdUMxQtU,【巫师】特朗普访华01：其实只有一个目的,20260512,657,37328,655,youtube_audio_asr,base,zh,True,YES_UNSAMPLED,NOT_IN_SAMPLE,FULL_SPOKEN,2003,cc3cfd648befe750d0faa4bff44c4d06d0d10b7d838b7737d3e5af60dc079560
wushi_caijing,巫师财经,youtube,AUX_ORAL,I49MVzGSgP0,https://www.youtube.com/watch?v=I49MVzGSgP0,【巫师】一年只更新5个视频的我怎么盈利，IP孵化，代运营，巫师Tube商业模式【我是怎么赚钱的01】,20240602,832,18909,307,youtube_audio_asr,base,zh,True,YES_UNSAMPLED,NOT_IN_SAMPLE,FULL_SPOKEN,1444,9fc1197ee09e808fdfc88b230bce7756d423e688ad896ca2ed02e01f6442d431
wushi_caijing,巫师财经,youtube,AUX_ORAL,IvDQrhMDkEE,https://www.youtube.com/watch?v=IvDQrhMDkEE,【巫师】全球股市年度排名，谁是神谁是史，2025年策略前瞻,20241228,785,21249,250,youtube_audio_asr,base,zh,True,YES_UNSAMPLED,NOT_IN_SAMPLE,FULL_SPOKEN,905,dee97c00d1dd1d8c042a324a2ba919ff83036ced38a5d10e2527c0f432e7ea51
wushi_caijing,巫师财经,youtube,AUX_ORAL,Jw4OK1b_k4Q,https://www.youtube.com/watch?v=Jw4OK1b_k4Q,【巫师】男色经济，和它的变种们,20260306,769,21202,346,youtube_audio_asr,base,zh,True,YES_UNSAMPLED,NOT_IN_SAMPLE,FULL_SPOKEN,1422,a59a57f30c1b9afa36599061969094a2afa1263287b304e711491bb7a679ad0a
wushi_caijing,巫师财经,youtube,AUX_ORAL,KZrgY-806e8,https://www.youtube.com/watch?v=KZrgY-806e8,【巫师】人类最大IPO来了，行内视角看背后的算计,20260611,797,24337,494,youtube_audio_asr,base,zh,True,YES,PASS,FULL_SPOKEN,2277,d2025d0e64f6c3815e757d486aec1d753b379c8ebd053a7bf908966fd12c5277
wushi_caijing,巫师财经,youtube,AUX_ORAL,MYgYuv4mob4,https://www.youtube.com/watch?v=MYgYuv4mob4,【巫师】网红到底有什么价值,20221018,462,14141,237,youtube_audio_asr,base,zh,True,YES_UNSAMPLED,NOT_IN_SAMPLE,FULL_SPOKEN,278,49fad644838f4c0e61106bfa6ab2e517e9a6caa21c8d02a3d373752407ef482a
wushi_caijing,巫师财经,youtube,AUX_ORAL,N7V8CXkxvKs,https://www.youtube.com/watch?v=N7V8CXkxvKs,【巫师】中美再次开战的背后：关税战05，青春没有售价，All-in就在当下,20251011,456,49373,1022,youtube_audio_asr,base,zh,True,YES_UNSAMPLED,NOT_IN_SAMPLE,FULL_SPOKEN,1286,a320a4f028ea6428ffea1897200ebedbac9f0bfda5a4ba09e1da7e1f964c8d5c
wushi_caijing,巫师财经,youtube,AUX_ORAL,O3CbrwqPVMc,https://www.youtube.com/watch?v=O3CbrwqPVMc,【巫师】晚晚的资本化路径,20220908,545,10043,63,youtube_audio_asr,base,zh,True,YES_UNSAMPLED,NOT_IN_SAMPLE,FULL_SPOKEN,1567,81fbbf7896754727cdcb710f270b1e5050ec4e1d5fb68949ec2a70261a711cc9
wushi_caijing,巫师财经,youtube,AUX_ORAL,P870GC3Onvw,https://www.youtube.com/watch?v=P870GC3Onvw,【巫师】全球关税混战背后，是不能输的终局之战,20250408,748,116168,2471,youtube_audio_asr,base,zh,True,YES_UNSAMPLED,NOT_IN_SAMPLE,FULL_SPOKEN,1660,c5d8be368fca2934ed6a602df81b3b9d7800b5a9c51dbf47d03fb896aec6db96
wushi_caijing,巫师财经,youtube,AUX_ORAL,QyPqm0hIFu8,https://www.youtube.com/watch?v=QyPqm0hIFu8,【巫师】网红与资本简史EP.11（李佳琦的起势）,20220823,197,13774,61,youtube_audio_asr,base,zh,True,YES_UNSAMPLED,NOT_IN_SAMPLE,FULL_SPOKEN,1084,0c950f247e5a0a446e5dbc30b75cccb29a62898b2a5ff3635efc8fc2cd9a87bb
wushi_caijing,巫师财经,youtube,AUX_ORAL,RGQw5kllquE,https://www.youtube.com/watch?v=RGQw5kllquE,【巫师】网红与资本EP.15，咪蒙的坍塌和重启+水库欧神开头,20220827,454,11409,77,youtube_audio_asr,base,zh,True,YES_UNSAMPLED,NOT_IN_SAMPLE,FULL_SPOKEN,800,877379a2598d4e5d948f0f64317db001e9f04bbe5d1ad7fc9b8d26892198a97f
wushi_caijing,巫师财经,youtube,AUX_ORAL,SyTFGv3J03Q,https://www.youtube.com/watch?v=SyTFGv3J03Q,【巫师】杀马特的落幕和抽象文化起源,20220904,605,8999,76,youtube_audio_asr,base,zh,True,YES_UNSAMPLED,NOT_IN_SAMPLE,FULL_SPOKEN,2263,d1b8658e47545a7899b69c216fad0eb2adda3c185d29d40e26317b6b35a649b0
wushi_caijing,巫师财经,youtube,AUX_ORAL,UKYQ6pnRRIo,https://www.youtube.com/watch?v=UKYQ6pnRRIo,【巫师】在车企资本大逃杀中逆行,20250824,631,27347,298,youtube_audio_asr,base,zh,True,YES_UNSAMPLED,NOT_IN_SAMPLE,FULL_SPOKEN,1978,cc7e29387a976313bf5f687c9b82efabbc023adaf65146f28438ef9be5a2a1fa
wushi_caijing,巫师财经,youtube,AUX_ORAL,Uh1fS3415Ck,https://www.youtube.com/watch?v=Uh1fS3415Ck,【巫师】美联储和Trump的资本博弈,20250530,667,43398,741,youtube_audio_asr,base,zh,True,YES_UNSAMPLED,NOT_IN_SAMPLE,FULL_SPOKEN,1959,ddebd6f7054bee93a5d2c4543b8a591b6a5b93cc19b395a41da41619da2c8d01
wushi_caijing,巫师财经,youtube,AUX_ORAL,UtLGyEdpGxg,https://www.youtube.com/watch?v=UtLGyEdpGxg,【巫师】网红与资本EP.09（薇娅税务问题）,20220822,157,15519,81,youtube_audio_asr,base,zh,True,YES_UNSAMPLED,NOT_IN_SAMPLE,FULL_SPOKEN,800,bff69c42237c9977e8c9ffbcc5f6832bf4c787969641a15593e3ddbf196b67bd
wushi_caijing,巫师财经,youtube,AUX_ORAL,W_AUp42z4bg,https://www.youtube.com/watch?v=W_AUp42z4bg,【巫师】崩了。,20260323,372,25321,374,youtube_audio_asr,base,zh,True,YES_UNSAMPLED,NOT_IN_SAMPLE,FULL_SPOKEN,1953,93f85904449348ca0a089cc58240c02b572f0089ed066b2a52ae9c838e66a73e
wushi_caijing,巫师财经,youtube,AUX_ORAL,Wfn3fHpNvNE,https://www.youtube.com/watch?v=Wfn3fHpNvNE,【巫师】2026世界杯金主Top10,20260719,463,11733,130,youtube_audio_asr,base,zh,True,YES_UNSAMPLED,NOT_IN_SAMPLE,FULL_SPOKEN,386,730a3559652704e30538bd46c8c79e9b385cba55a3448e852b198742f2eca779
wushi_caijing,巫师财经,youtube,AUX_ORAL,WjOiKR0WMjg,https://www.youtube.com/watch?v=WjOiKR0WMjg,【巫师】网红与资本EP.17，同道大叔套现+papi崛起,20220829,683,11772,74,youtube_audio_asr,base,zh,True,YES_UNSAMPLED,NOT_IN_SAMPLE,FULL_SPOKEN,2927,dce0b4614b8a8c352505347d7b13c30ce327cad1e64317f87a61322eaabde76f
wushi_caijing,巫师财经,youtube,AUX_ORAL,YCd5BtOLMfM,https://www.youtube.com/watch?v=YCd5BtOLMfM,【巫师】中国压根就不存在男女对立，集美Sunshine都是遮羞布,20260714,246,9433,141,youtube_public_caption,,zh,True,NO,AUTO_RESTRICTED_SOURCE,FULL_SPOKEN,1674,0608730758bc2167cfec71609a67d47f4623217ec13156ea5dd4b04102adde67
wushi_caijing,巫师财经,youtube,AUX_ORAL,_HLF6QMG6Ys,https://www.youtube.com/watch?v=_HLF6QMG6Ys,【巫师】2025年五个投资大坑，你踩了几个,20251224,488,20294,302,youtube_audio_asr,base,zh,True,YES_UNSAMPLED,NOT_IN_SAMPLE,FULL_SPOKEN,1901,b63b24a36464ad6b400ba1be15728dd9ed086a097e1c47cc61f3881303735561
wushi_caijing,巫师财经,youtube,AUX_ORAL,_SFiF_sUTK4,https://www.youtube.com/watch?v=_SFiF_sUTK4,【巫师】中国游戏产业：偷偷的进村打枪的不要；中美游戏并非竞争,20251006,678,31992,420,youtube_audio_asr,base,zh,True,YES_UNSAMPLED,NOT_IN_SAMPLE,FULL_SPOKEN,839,d8b48722ec91790f5f88f7ff1066f556952f713d64289bdce82dd4c2cb447404
wushi_caijing,巫师财经,youtube,AUX_ORAL,b_yvR-QJH9c,https://www.youtube.com/watch?v=b_yvR-QJH9c,【巫师】保健品行业的资本博弈，“资贼”是怎么出现的,20260123,837,13954,178,youtube_audio_asr,base,zh,True,YES_UNSAMPLED,NOT_IN_SAMPLE,FULL_SPOKEN,4235,25ac6d44aca27d9900692d8caeabbe801a1770b0fcf65f7be25af27df8edf143
wushi_caijing,巫师财经,youtube,AUX_ORAL,baf-mj2C8FA,https://www.youtube.com/watch?v=baf-mj2C8FA,【巫师】王一博资本博弈第二季，给“资本”调成什么样了？,20260331,598,18652,202,youtube_audio_asr,base,zh,True,YES_UNSAMPLED,NOT_IN_SAMPLE,FULL_SPOKEN,1815,374a611df7e5544dac8be6a34f230868187fb5df55a7a276a1f331512700ff6c
wushi_caijing,巫师财经,youtube,AUX_ORAL,c6N1zdE9b5o,https://www.youtube.com/watch?v=c6N1zdE9b5o,【巫师】审丑文化罗玉凤的崩塌和杀马特的群体失序,20220903,537,9118,61,youtube_audio_asr,base,zh,True,YES_UNSAMPLED,NOT_IN_SAMPLE,FULL_SPOKEN,1168,c81d15227a119f1d422a92fad3eebbba13689a0d6369e1e101fc94ac5322dec8
wushi_caijing,巫师财经,youtube,AUX_ORAL,dff49lemfwE,https://www.youtube.com/watch?v=dff49lemfwE,【巫师】伊朗美国开打，资本暗涌如何影响我们,20260303,619,35554,605,youtube_audio_asr,base,zh,True,YES_UNSAMPLED,NOT_IN_SAMPLE,FULL_SPOKEN,670,c5205e55be044300059274f5337abce92944faf896257582d5698866fc2d70a6
wushi_caijing,巫师财经,youtube,AUX_ORAL,e-x9E18v2lg,https://www.youtube.com/watch?v=e-x9E18v2lg,【巫师】中美关税战03：乐子大赏,20250413,616,60398,1159,youtube_audio_asr,base,zh,True,YES_UNSAMPLED,NOT_IN_SAMPLE,FULL_SPOKEN,1675,c47ef58b92c1aefab25b74ced5e4025e985df868a0485e1916c3f09af15447a6
wushi_caijing,巫师财经,youtube,AUX_ORAL,gXLWh3w1jX8,https://www.youtube.com/watch?v=gXLWh3w1jX8,【巫师】关税战04：回档背后是赢赢赢赢赢，那谁输了,20250513,559,49354,845,youtube_audio_asr,base,zh,True,YES_UNSAMPLED,NOT_IN_SAMPLE,FULL_SPOKEN,1809,6f39418617ef8adab9c9a839d61aa00ed80f55e6039300f22e8ca7bda3069eb7
wushi_caijing,巫师财经,youtube,AUX_ORAL,jm2Xp-r5-iI,https://www.youtube.com/watch?v=jm2Xp-r5-iI,【巫师】快手6大家族，辛巴发家史和资本操作,20220910,546,13736,83,youtube_audio_asr,base,zh,True,YES,PASS,FULL_SPOKEN,1376,e1f665adee9247b19eb957f4a452ec5713b28b251715563678676d0d9c59004d
wushi_caijing,巫师财经,youtube,AUX_ORAL,niH8ltShIQs,https://www.youtube.com/watch?v=niH8ltShIQs,【巫师】男色经济02：恋与深空大瓜的背后，乙女产业的金矿,20260701,593,11307,186,youtube_audio_asr,base,zh,True,YES_UNSAMPLED,NOT_IN_SAMPLE,FULL_SPOKEN,767,7f6db1a5e0ea684ef87eb86ec33db9e1aee6be24c72c02b06ccb239db2bd5f4a
wushi_caijing,巫师财经,youtube,AUX_ORAL,o6RMKvCrubY,https://www.youtube.com/watch?v=o6RMKvCrubY,【巫师】USDT等稳定币对普通人到底有什么用，对中国是毒药还是解药,20251017,759,34824,493,youtube_audio_asr,base,zh,True,YES_UNSAMPLED,NOT_IN_SAMPLE,FULL_SPOKEN,1749,695be8af8b86ac64985ff5b6b8a939be3b6b5806f68acee9a3fe3f842e8fbbde
wushi_caijing,巫师财经,youtube,AUX_ORAL,pnW6Ilpjc0Q,https://www.youtube.com/watch?v=pnW6Ilpjc0Q,,,,,,,,zh,True,PENDING_QA,NOT_REVIEWED,FULL_SPOKEN,7676,6ae05efd52698fd8ae16eda90604855fc65e1f34c0869a706e3ef1e26dd95a43
wushi_caijing,巫师财经,youtube,AUX_ORAL,qh6yW2TEoko,https://www.youtube.com/watch?v=qh6yW2TEoko,【巫师】网红与资本简史EP.13（2009的商业化+卢本伟+斗鱼的资本博弈）,20220824,455,14775,78,youtube_audio_asr,base,zh,True,YES_UNSAMPLED,NOT_IN_SAMPLE,FULL_SPOKEN,533,7936e77443dbf3a65ee7881bee3610cb901c34607da112facc85aa7c09834453
wushi_caijing,巫师财经,youtube,AUX_ORAL,s0eFYv2J0UU,https://www.youtube.com/watch?v=s0eFYv2J0UU,【巫师】抽象文化大战主流文化，狠活时代和东北往事,20220906,469,7723,71,youtube_audio_asr,base,zh,True,YES_UNSAMPLED,NOT_IN_SAMPLE,FULL_SPOKEN,471,34d36e5f5ebe2f5c25430393b5fa32aea9231d2aa133a2298c02121eab88f16e
wushi_caijing,巫师财经,youtube,AUX_ORAL,vypl8VCCW1A,https://www.youtube.com/watch?v=vypl8VCCW1A,【巫师】美国干伊朗02，藏着对我们的资本阴招儿,20260305,473,23532,497,youtube_audio_asr,base,zh,True,YES_UNSAMPLED,NOT_IN_SAMPLE,FULL_SPOKEN,410,aca29fb742efe7936a3ef3333277565720c44337da842b17d314876238a51b6f
wushi_caijing,巫师财经,youtube,AUX_ORAL,w4TH_dG_4sY,https://www.youtube.com/watch?v=w4TH_dG_4sY,【巫师】生育补贴反而和单身者最有关系，生育补贴有用吗,20250527,545,25873,334,youtube_audio_asr,base,zh,True,YES,PASS,FULL_SPOKEN,1025,684b6ab13c4c11a0aecc98c8a49a794de7487b3d4fed880cdaaa2cbc09fe2ca2
wushi_caijing,巫师财经,youtube,AUX_ORAL,xlhg7Boipl0,https://www.youtube.com/watch?v=xlhg7Boipl0,【巫师】网红与资本EP.14，咪蒙的资本博弈,20220826,663,15008,109,youtube_audio_asr,base,zh,True,YES_UNSAMPLED,NOT_IN_SAMPLE,FULL_SPOKEN,1977,9ca74435751b1e77ab38ca6e8be41e6c55c397af185f081a22a666af8581f2f6
wushi_caijing,巫师财经,youtube,AUX_ORAL,zqYWR9uRGmI,https://www.youtube.com/watch?v=zqYWR9uRGmI,,,,,,,,zh,True,PENDING_QA,NOT_REVIEWED,FULL_SPOKEN,7793,3d793bcedbb54892176e75f4f590ebba91076e525f91250d614ab1e8bd5b6d83
wushi_caijing,巫师财经,youtube,AUX_ORAL,zzOHEVmO1N8,https://www.youtube.com/watch?v=zzOHEVmO1N8,【巫师】抽象文化和晚学,20220907,547,8990,78,youtube_audio_asr,base,zh,True,YES_UNSAMPLED,NOT_IN_SAMPLE,FULL_SPOKEN,901,f0669fee42f77f9d00801c1bd8baff6c8e3a1982a166debb5e9209c80cb4618a
xiaolin_shuo,小Lin说,youtube,AUX_ORAL,31FpW6CMmYE,https://www.youtube.com/watch?v=31FpW6CMmYE,一口气了解全球十大主权基金,20250302,1403,1462631,26435,youtube_public_caption,,zh,True,NO,PASS_LOGIC_ONLY,FULL_SPOKEN,8540,02a91a78c1ad7c01462dc7187ffca8ad4a9709349b728fecdf787db0438365bb
xiaolin_shuo,小Lin说,youtube,AUX_ORAL,4hBpLHqBSOg,https://www.youtube.com/watch?v=4hBpLHqBSOg,一口气了解12万亿化债和中国的财政体系,20250117,1324,1947888,28383,youtube_public_caption,,zh,True,NO,PASS_LOGIC_ONLY,FULL_SPOKEN,7559,5cd966ad73a81df81962111ccf92d4e61b4e9c52b387d3bc976cd92df2665bc9
xiaolin_shuo,小Lin说,youtube,AUX_ORAL,6mVX78_nq0A,https://www.youtube.com/watch?v=6mVX78_nq0A,【亚洲首富】印度两大富豪,20230520,751,939380,13631,youtube_public_caption,,zh,True,NO,PASS_LOGIC_ONLY,FULL_SPOKEN,4293,d317c4e2ff8faeb02e8411ad04fef29ac62d00452130d12828e8377e2758cb6f
xiaolin_shuo,小Lin说,youtube,AUX_ORAL,8BN8p5xDkzw,https://www.youtube.com/watch?v=8BN8p5xDkzw,日元创40年新低，美国突然出手，怎么回事儿？,20260828,943,2197746,16282,youtube_public_caption,,zh,True,NO,AUTO_RESTRICTED_SOURCE,FULL_SPOKEN,5203,f63f6b7cfd6052d913c8c6f1e2552ca074c1865c81e5c4b3dd037bec3461605b
xiaolin_shuo,小Lin说,youtube,AUX_ORAL,AJLe1AEgz5M,https://www.youtube.com/watch?v=AJLe1AEgz5M,骗到国家差点破产?! 越南女首富被判死刑 | 越南经济背后...,20250606,868,1220696,18163,youtube_public_caption,,zh,True,NO,AUTO_RESTRICTED_SOURCE,FULL_SPOKEN,5266,908dd576c8c705b72292967ad80c88fb24dce3bcc40020d5987755b63dd57f6f
xiaolin_shuo,小Lin说,youtube,AUX_ORAL,BHxJg38OiOs,https://www.youtube.com/watch?v=BHxJg38OiOs,全球最大奶茶公司的秘密,20250104,882,1146069,19849,youtube_public_caption,,zh,True,NO,AUTO_RESTRICTED_SOURCE,FULL_SPOKEN,5358,360a6bcf751323d2a73f23142466586b63c4c7e0746833ca624405e91d91591f
xiaolin_shuo,小Lin说,youtube,AUX_ORAL,EO0creQnzrM,https://www.youtube.com/watch?v=EO0creQnzrM,【特别篇】看看北京的养老院是什么样子?,20231126,788,778067,18792,youtube_audio_asr,base,zh,True,YES,PASS,FULL_SPOKEN,1023,485a8793a736f3dfc4ef78963bd736ee47de14db42b28ab0a8a4b1492f91e97e
xiaolin_shuo,小Lin说,youtube,AUX_ORAL,EdsxoHQrhac,https://www.youtube.com/watch?v=EdsxoHQrhac,最赚钱的投资品，你听说过么?,20240518,689,1062954,19510,youtube_public_caption,,zh,True,NO,AUTO_RESTRICTED_SOURCE,FULL_SPOKEN,4164,6c1d1de3c59197ebaab7d0917582ed323888449a5f1517e44258c9d1b8e49e08
xiaolin_shuo,小Lin说,youtube,AUX_ORAL,EfJK3EJP4Yc,https://www.youtube.com/watch?v=EfJK3EJP4Yc,韩国房地产危机 | 全租房,20230902,643,996965,20968,youtube_public_caption,,zh,True,NO,AUTO_RESTRICTED_SOURCE,FULL_SPOKEN,3788,05cca1273398da7aa84b315ecc873c893fdb67daafed4d15d8eef052e2d2b279
xiaolin_shuo,小Lin说,youtube,AUX_ORAL,HTa1uc_kmHQ,https://www.youtube.com/watch?v=HTa1uc_kmHQ,机器人时代，真的来了吗?,20250907,967,977475,16770,youtube_audio_asr,base,zh,True,YES_UNSAMPLED,NOT_IN_SAMPLE,FULL_SPOKEN,882,00b29f69d7decde627e3f999cea3ca50e55a8d6bc9d70df947ad29f518d3728f
xiaolin_shuo,小Lin说,youtube,AUX_ORAL,HeVuAKDtWX8,https://www.youtube.com/watch?v=HeVuAKDtWX8,伊朗战争，和全球能源格局,20260324,1256,1803336,40942,youtube_public_caption,,zh,True,NO,AUTO_RESTRICTED_SOURCE,FULL_SPOKEN,7350,8f7d28ae67d8ca79af172e3fe38d4ee41976d58fac01db3cf27d4444df77137e
xiaolin_shuo,小Lin说,youtube,AUX_ORAL,KosgUhdAL5w,https://www.youtube.com/watch?v=KosgUhdAL5w,聊聊我是怎么赚钱的 | 我们的团队,20250204,881,1462955,52599,youtube_public_caption,,zh,True,NO,AUTO_RESTRICTED_SOURCE,FULL_SPOKEN,5364,ec9098354505eeea1a1bddd0f2467f1690a6f788695489079a566cca02a69386
xiaolin_shuo,小Lin说,youtube,AUX_ORAL,Lb60mjM5B1U,https://www.youtube.com/watch?v=Lb60mjM5B1U,做自媒体6年了，我想说…,20260314,926,1232320,32256,youtube_audio_asr,base,zh,True,YES_UNSAMPLED,NOT_IN_SAMPLE,FULL_SPOKEN,709,95a5d13cd92d5e5498964bd7563e7cefa433c20cc302fae65edd3c1de40620a9
xiaolin_shuo,小Lin说,youtube,AUX_ORAL,NYs-wpYp0bY,https://www.youtube.com/watch?v=NYs-wpYp0bY,一口气了解A股上市,20250702,1240,604115,10017,youtube_public_caption,,zh,True,NO,PASS_LOGIC_ONLY,FULL_SPOKEN,7666,80b852b2f4e4d245527d68d1299153976cec7e7b1f5c4f6bd018d06e040fc416
xiaolin_shuo,小Lin说,youtube,AUX_ORAL,OcKl98ZQbMQ,https://www.youtube.com/watch?v=OcKl98ZQbMQ,AI巨头们之间的资本混战，到底是个什么情况？,20260701,1168,1439111,29585,youtube_public_caption,,zh,True,NO,AUTO_RESTRICTED_SOURCE,FULL_SPOKEN,6726,de1f3a7c42e9b9f6fe8edb3f4c7546611f017b4906a35b4507306e9313ff3f80
xiaolin_shuo,小Lin说,youtube,AUX_ORAL,P-NmMX9rlYQ,https://www.youtube.com/watch?v=P-NmMX9rlYQ,GDP是会骗人的 | 一口气了解GDP,20251115,1235,978020,17644,youtube_public_caption,,zh,True,NO,AUTO_RESTRICTED_SOURCE,FULL_SPOKEN,7588,f87b438eb19a9e5de2f34cb2e54eb66869e6295171feca5061d19ae4c5109594
xiaolin_shuo,小Lin说,youtube,AUX_ORAL,SdZ-hvVdFTk,https://www.youtube.com/watch?v=SdZ-hvVdFTk,美元暴跌的背后...,20251012,1146,1394895,34406,youtube_public_caption,,zh,True,NO,AUTO_RESTRICTED_SOURCE,FULL_SPOKEN,7368,9729b54b5db1870be407eb8b8e6486d3203c73eb27ed8ef7b4afff3301b74c9d
xiaolin_shuo,小Lin说,youtube,AUX_ORAL,T7z71yENz94,https://www.youtube.com/watch?v=T7z71yENz94,特朗普关税被判违法，这一整年白忙了? 现在关税什么情况?,20260909,631,1176344,11064,youtube_public_caption,,zh,True,NO,AUTO_RESTRICTED_SOURCE,FULL_SPOKEN,3254,f51f43af867e32c36d4ec61d59a79a37e2c7cbf250b91ebe611e1b6f9bf4bea9
xiaolin_shuo,小Lin说,youtube,AUX_ORAL,Wh9pRLoZg-A,https://www.youtube.com/watch?v=Wh9pRLoZg-A,收购狂魔欧莱雅，最近又在搞什么新花样？,20240712,797,646428,10616,youtube_audio_asr,base,zh,True,YES_UNSAMPLED,NOT_IN_SAMPLE,FULL_SPOKEN,1693,921e63a17f47c33d79fbac18cdea62a5a6596f8fecd6f300e28b3e3ed04c0cec
xiaolin_shuo,小Lin说,youtube,AUX_ORAL,XCqFwufI_KM,https://www.youtube.com/watch?v=XCqFwufI_KM,全球第一网红 | 一边撒钱 一边赚钱 | How?,20250514,1084,2158903,53065,youtube_public_caption,,zh,True,NO,AUTO_RESTRICTED_SOURCE,FULL_SPOKEN,6742,1ff4725250efb4e69b7ad3d68d294b9de4f8e6a5990f64b3b00e8cdf17fa1c91
xiaolin_shuo,小Lin说,youtube,AUX_ORAL,XDXeZk6a170,https://www.youtube.com/watch?v=XDXeZk6a170,美国刹不住的贸易逆差，根本原因是什么?,20250329,1047,2759532,59537,youtube_public_caption,,zh,True,NO,AUTO_RESTRICTED_SOURCE,FULL_SPOKEN,5873,924effc1055b9df55fe08b7c1928da5a28b393ad99deb0076a85437d51c40b2a
xiaolin_shuo,小Lin说,youtube,AUX_ORAL,eoa3OAmEaQw,https://www.youtube.com/watch?v=eoa3OAmEaQw,日元历史性加息，意味着什么？,20240420,749,1770083,30128,youtube_public_caption,,zh,True,NO,AUTO_RESTRICTED_SOURCE,FULL_SPOKEN,4361,b669c9fa42158cf181d1b6e69ef31be9cc2bfe144d4b93b926d00ce215a92b30
xiaolin_shuo,小Lin说,youtube,AUX_ORAL,fKoWrF49Qo8,https://www.youtube.com/watch?v=fKoWrF49Qo8,特朗普收入曝光，一年狂揽$22亿，竟然是靠…,20260723,1254,732470,14406,youtube_public_caption,,zh,True,NO,AUTO_RESTRICTED_SOURCE,FULL_SPOKEN,7002,25e2f64419263d6238b105279688d49b5179e4092e52ba8d264dfad13cb78321
xiaolin_shuo,小Lin说,youtube,AUX_ORAL,jbsn0gCsipY,https://www.youtube.com/watch?v=jbsn0gCsipY,咱简单聊聊许家印背后的恒大债务始末,20230930,347,968892,17491,youtube_audio_asr,base,zh,True,YES_UNSAMPLED,NOT_IN_SAMPLE,FULL_SPOKEN,807,e23fd1c5a0a55c2cc967217735a26192761be69d073d9f3faca05fb5025e6c45
xiaolin_shuo,小Lin说,youtube,AUX_ORAL,l38ceFOWOAE,https://www.youtube.com/watch?v=l38ceFOWOAE,王健林现在怎么样了? 万达什么情况?,20260810,1359,1707053,18892,youtube_public_caption,,zh,True,NO,AUTO_RESTRICTED_SOURCE,FULL_SPOKEN,7400,c15cb1cec146800a0a8aa149036926968dfcfe8990df43a760d8003bb2caf5a2
xiaolin_shuo,小Lin说,youtube,AUX_ORAL,mU_jDXfjYTA,https://www.youtube.com/watch?v=mU_jDXfjYTA,黄金白银大崩盘，谁是幕后推手？,20260223,1129,1192071,22020,youtube_public_caption,,zh,True,NO,AUTO_RESTRICTED_SOURCE,FULL_SPOKEN,6941,3b7997ec6700cd350e1e8d483e69af95c998cd5cb20ada749e1a7b5542b59b17
xiaolin_shuo,小Lin说,youtube,AUX_ORAL,mcTAHffEkIw,https://www.youtube.com/watch?v=mcTAHffEkIw,内存暴涨，谁在哭？谁在笑？,20260531,1212,1059068,19026,youtube_audio_asr,base,zh,True,YES_UNSAMPLED,NOT_IN_SAMPLE,FULL_SPOKEN,1452,4c1a3fa15fd4dd0bb88929fbb249b3ff155769d4efcb96a8e340f5066a0396be
xiaolin_shuo,小Lin说,youtube,AUX_ORAL,n7s5bWD4_mA,https://www.youtube.com/watch?v=n7s5bWD4_mA,乐高到底靠什么赚了这么多钱?,20241201,1439,1342260,24878,youtube_public_caption,,zh,True,NO,AUTO_RESTRICTED_SOURCE,FULL_SPOKEN,8012,0e973e2235c9c67df43ccaf837a771fe3a0e110c8d2281d3897fda7a2ab5deb6
xiaolin_shuo,小Lin说,youtube,AUX_ORAL,wjr36QmZP2w,https://www.youtube.com/watch?v=wjr36QmZP2w,【避税天堂 - 下】许家印是如何转移资产的？,20240120,242,799945,14855,youtube_public_caption,,zh,True,NO,AUTO_RESTRICTED_SOURCE,FULL_SPOKEN,1374,1b562bbf7f0a488fd6ab65c30cfb6bc4b0e7072b3d2ad612c8f0171d58aefe1f
xiaolin_shuo,小Lin说,youtube,AUX_ORAL,wpb-DrbhEiY,https://www.youtube.com/watch?v=wpb-DrbhEiY,SpaceX上市，背后在玩什么资本游戏?,20260612,1328,1579925,31090,youtube_public_caption,,zh,True,NO,AUTO_RESTRICTED_SOURCE,FULL_SPOKEN,7447,a30f5aba01d31064b348684c0a402ca1fcb1d356e23e69ffc49f84a92773ad94
