canonical_id,content_id,title,author,creator_id,publish_time,duration_sec,primary_topic,secondary_topics,sample_role,viral_type,likes,comments,favorites,shares,performance_verified,page_verified,speech_present,media_ready,audio_ready,asr_status,segment_count,transcript_chars,coverage_ratio,transcript_usable,text_corpus,performance_corpus,visual_corpus,matched_control_group_id,media_sha256,audio_sha256,transcript_sha256,simulated,notes
B002-001,7439645541958552844,00后大学生勇闯社会第一年#勇闯职场 #永不止步  #自强不息 #人穷志不穷 #人穷 #毕业生的精选 #好好毕业慢慢告别,,,,458.6,赚钱逻辑,,VIRAL,HIGH_PERF,3811591,202111,242557,3352575,True,True,True,True,True,COMPLETE,283,1791,1.0,True,TRUE,TRUE,TRUE,,b7f939f7acfda251,b7f939f7acfda251,e1eca5238194d3fb,FALSE,
B002-002,7441108716197301519,不要盲目创业，不然只会是不归路#商业思维 #创业 #老板思维 #行业秘密 #创业日记,,,,129.0,信息差,,VIRAL,HIGH_PERF,208516,8970,71258,11368,True,True,True,True,True,COMPLETE,72,542,1.0,True,TRUE,TRUE,TRUE,,2fa9fe56eb8821a7,2fa9fe56eb8821a7,e1e87a3797b49fda,FALSE,
B002-003,7450364063030267151,"理想冰箱杯架创业过程分享. 关于我用8000块，在半年内赚到130万这事，毫无保留分享。
#努力赚钱才是硬道理 #搞钱 #分享创业干货 #赚钱思维 #戚越",,,,1420.2,赚钱逻辑,,VIRAL,HIGH_PERF,631163,74528,288422,267706,True,True,True,True,True,COMPLETE,753,6424,1.0,True,TRUE,TRUE,TRUE,,4237f600f06e2d60,4237f600f06e2d60,da4c7d0c491117e8,FALSE,
B002-004,7473417086673440012,2025年，最应该提升的是赚钱能力#搞钱 #商业思维 #提升自己 #女性独立 #认知,,,,295.8,赚钱逻辑,,VIRAL,HIGH_PERF,471657,14979,172593,190136,True,True,True,True,True,COMPLETE,178,1464,1.0,True,TRUE,TRUE,TRUE,,3f5e46fda0fbc010,3f5e46fda0fbc010,f9eed83bb7d65c3f,FALSE,
B002-005,7477191872570477839,消费陷阱来自资本的阴谋 #财经 #经济 #消费 #消费陷阱 #资本,,,,343.6,赚钱逻辑,,VIRAL,HIGH_PERF,329512,21877,81049,238680,True,True,True,True,True,COMPLETE,157,1731,1.0,True,TRUE,TRUE,TRUE,,59d3315f354ac206,59d3315f354ac206,bd93791b616c2192,FALSE,
B002-006,7479008308989316361,年轻人如何赚到一笔大钱呢？如何从1万开始积累自己的财富 #财富 #财富自由 #赚钱,,,,1154.7,赚钱逻辑,,VIRAL,HIGH_PERF,835280,24718,457817,167221,True,True,True,True,True,COMPLETE,743,6491,1.0,True,TRUE,TRUE,TRUE,,e253db77a10516e2,e253db77a10516e2,1e5a3479e90a4746,FALSE,
B002-007,7511664213547519243,创业者们的集体迷茫和无措 #创业 #创业者 #工厂老板 #烘焙人的日常 #化妆品工厂,,,,216.4,职场,,VIRAL,HIGH_PERF,122894,31114,30606,63266,True,True,True,True,True,COMPLETE,135,1367,1.0,True,TRUE,TRUE,TRUE,,e7a79a03dfc69cf9,e7a79a03dfc69cf9,bbaccc5c1f6e055f,FALSE,
B002-008,7513092150196702476,同志们，警惕消费主义陷阱 #植物大战僵尸 #消费主义 #拒绝定义 #马哲,,,,290.2,消费陷阱,,VIRAL,HIGH_PERF,607261,16922,76930,208408,True,True,True,True,True,COMPLETE,97,1278,1.0,True,TRUE,TRUE,TRUE,,96a0d740fadaef80,96a0d740fadaef80,e0477339b761ff7b,FALSE,
B002-009,7526167695562607887,自媒体搞钱经验，五年博主说点真心话！ #乐仔Levi #暑期逆袭 #自媒体 #搞钱才是王道,,,,166.1,赚钱逻辑,,VIRAL,HIGH_PERF,146825,7267,46102,17685,True,True,True,True,True,COMPLETE,139,1020,1.0,True,TRUE,TRUE,TRUE,,927d2e771eaef26a,927d2e771eaef26a,8b4add3ee0b3ce12,FALSE,
B002-010,7540234540556619058,对钱没概念这件事，真的会摧毁一个人的人生。 #人生感悟 #情感共鸣 #经济 #存钱,,,,116.1,赚钱逻辑,,VIRAL,HIGH_PERF,859506,40800,203196,638381,True,True,True,True,True,COMPLETE,50,648,1.0,True,TRUE,TRUE,TRUE,,0c3a61a59f4b304e,0c3a61a59f4b304e,abed5ad3c5512533,FALSE,
B002-011,7545511555866119458,普通女生快速搞钱的，20个邪修野路子 #搞钱 #女性成长 #安娜Plus #商业思维 #女性创业,,,,295.0,赚钱逻辑,,VIRAL,HIGH_PERF,105888,6532,81800,54513,True,True,True,True,True,COMPLETE,227,1684,1.0,True,TRUE,TRUE,TRUE,,1478d1fd5ae4bc5f,1478d1fd5ae4bc5f,aca0ca7c47857b80,FALSE,
B002-012,7553519369038351667,你的收入，在哪一级？ 数据来源：中金，月收入指家庭人均收入#内容太过真实 #收入 #金融常识 #商业思维 #掘金计划2025,,,,317.0,赚钱逻辑,,VIRAL,HIGH_PERF,107825,15823,41351,88881,True,True,True,True,True,COMPLETE,185,1217,0.99,True,TRUE,TRUE,TRUE,,e4b838e5ead29cbb,e4b838e5ead29cbb,a75d501a28bbad00,FALSE,
B002-013,7559914938827803950,很多人30岁了还不会上班: 不要在草台班子里拼命努力 #职场 #个人成长 #裸辞 #夏鹏 #姜dora,,,,1135.2,能力变现,,VIRAL,HIGH_PERF,1091944,20947,514991,433362,True,True,True,True,True,COMPLETE,821,6266,1.0,True,TRUE,TRUE,TRUE,,24b2f96ecf00df6e,24b2f96ecf00df6e,c020ef621f160aef,FALSE,
B002-014,7564348993203948810,人一旦掌握了赚钱思维，钱就会源源不断地流向你 #超级个体 #副业,,,,922.4,赚钱逻辑,,VIRAL,HIGH_PERF,343103,83662,191779,95131,True,True,True,True,True,COMPLETE,874,5847,1.0,True,TRUE,TRUE,TRUE,,64876c17d948d6f4,64876c17d948d6f4,623157efbb257c89,FALSE,
B002-015,7575727121427926298,《职高生找兼职，用好这几个方法，店长抢着要！》 职高生周末别躺平！线上APP+线下扫街，我用亲身经历总结了最高效的找兼职流程和面试话术，都在视频里了。觉得有用记得点赞收藏，下次找工作时翻出来看！#职高,,,,631.2,能力变现,,VIRAL,HIGH_PERF,148348,11159,62489,14636,True,True,True,True,True,COMPLETE,256,2847,0.99,True,TRUE,TRUE,TRUE,,67e8016759a94c5e,67e8016759a94c5e,0fa7669b338c1789,FALSE,
B002-016,7577322313134132520,年轻人一定不要超前消费，要端正自己的消费观 #人生感悟 #情感共鸣 #认知 #存钱,,,,114.9,消费陷阱,,VIRAL,HIGH_PERF,979416,42897,327661,859709,True,True,True,True,True,COMPLETE,88,658,1.0,True,TRUE,TRUE,TRUE,,871db1ebbdd3f5b8,871db1ebbdd3f5b8,eacc4e49b3aa5553,FALSE,
B002-017,7578347796505807729,消费主义陷阱针对的就是你🫵，赶紧存钱#存钱 #攒钱 #赚钱 #消费 #陷阱,,,,172.6,赚钱逻辑,,VIRAL,HIGH_PERF,148422,10169,35756,92659,True,True,True,True,True,COMPLETE,98,1057,1.0,True,TRUE,TRUE,TRUE,,312923e742e11b06,312923e742e11b06,ce1383e1b716e507,FALSE,
B002-018,7583723020817124662,查理芒格：慢富即永恒 慢富不是保守，是普通人对抗风险的智慧。财富不是你赚了多少，而是你能在风暴中站多久。#查理芒格#富人思维 #财务自由#赚钱思维 #抖音知识年终大赏,,,,283.4,赚钱逻辑,,VIRAL,HIGH_PERF,361069,11854,196112,258734,True,True,True,True,True,COMPLETE,193,1581,1.0,True,TRUE,TRUE,TRUE,,eb9f68da5249f3ff,eb9f68da5249f3ff,abec3fd65f3bef15,FALSE,
B002-019,7584407684042165541,一人说一个消费陷阱，我先来20个 #变美 #消费陷阱,,,,326.0,消费陷阱,,VIRAL,HIGH_PERF,174603,8705,46680,39141,True,True,True,True,True,COMPLETE,142,1811,1.0,True,TRUE,TRUE,TRUE,,dc4e72a9f0b380d9,dc4e72a9f0b380d9,ced77607a46f16ea,FALSE,
B002-020,7590019669398932763,#每日分享 #内容太过真实 #日常唠嗑 #下大雪 #真实生活分享计划,,,,117.6,赚钱逻辑,,VIRAL,HIGH_PERF,1189163,200204,92605,361336,True,True,True,True,True,COMPLETE,77,678,1.0,True,TRUE,TRUE,TRUE,,479f88b0761c224f,479f88b0761c224f,c09690c072d17749,FALSE,
B002-021,7592567871297932582,老板的“艰辛”谁能懂？#个体户 #老板 #生意 #金融 #商业思维 ,,,,104.0,信息差,,VIRAL,HIGH_PERF,129365,20249,20590,86489,True,True,True,True,True,COMPLETE,93,540,1.0,True,TRUE,TRUE,TRUE,,c44f94d791bc5296,c44f94d791bc5296,af456a68218c604c,FALSE,
B002-022,7599188562650734516,金价暴涨，最大的受益者是谁？#揭秘 #黄金 #财经 #万万想不到 #艾羽西,,,,698.5,投资认知,,VIRAL,HIGH_PERF,157506,6693,50832,66171,True,True,True,True,True,COMPLETE,400,3195,1.0,True,TRUE,TRUE,TRUE,,fa1e33349242c558,fa1e33349242c558,f2186a95c0d3b31c,FALSE,
B002-023,7600369823520073126,悟了#如何花钱 #消费观,,,,390.2,消费陷阱,,VIRAL,HIGH_PERF,771853,75789,261225,678230,True,True,True,True,True,COMPLETE,281,2175,1.0,True,TRUE,TRUE,TRUE,,868e7bbc65ae65cd,868e7bbc65ae65cd,e372dac2f18ca9d6,FALSE,
B002-024,7601115910648900027,用豆包带我赚点小💰的邪修方法，全程免费。 #AI #搞钱 #干货 #个人成长 #抖音职场茶水间,,,,77.3,赚钱逻辑,,VIRAL,HIGH_PERF,147822,3416,134091,45751,True,True,True,True,True,COMPLETE,34,395,1.0,True,TRUE,TRUE,TRUE,,f01aeeb5c63dd4ce,f01aeeb5c63dd4ce,5db00d40222c1398,FALSE,
B002-025,7639944588144250138,你工作的最大问题就是效率太高了 #职场 #上班 #领导 #打工,,,,160.0,职场,,VIRAL,HIGH_PERF,126787,3322,46671,98742,True,True,True,True,True,COMPLETE,139,1124,1.0,True,TRUE,TRUE,TRUE,,3f9051bf0664018c,3f9051bf0664018c,a8b8d436e9c271ce,FALSE,
B002-026,7647446230122356665,创业首先是思维问题#创业 #思维 #认知,,,,216.2,信息差,,VIRAL,HIGH_PERF,148488,3512,84943,80187,True,True,True,True,True,COMPLETE,145,1066,0.97,True,TRUE,TRUE,TRUE,,f2890fbc47a770d4,f2890fbc47a770d4,e8d43e0bda323eeb,FALSE,
B002-027,7659251408893868913,虽然赚的不多，但是我相信只要努力日子总会越来越好#知足#幸福#婚后生活#女性智慧#日常唠嗑,,,,96.8,赚钱逻辑,,VIRAL,HIGH_PERF,175574,25383,14761,53559,True,True,True,True,True,COMPLETE,53,636,1.0,True,TRUE,TRUE,TRUE,,fce95585ce81c495,fce95585ce81c495,6698034ac3caf06b,FALSE,
B002-028,7661964878575619368,会存钱是人生破局的关键。 #存钱 #认知 #财富思维 #财经 #人生感悟,,,,93.2,赚钱逻辑,,VIRAL,HIGH_PERF,98863,4127,54931,224029,True,True,True,True,True,COMPLETE,48,427,1.0,True,TRUE,TRUE,TRUE,,1e3b8812d1b814c2,1e3b8812d1b814c2,ee543c14c222ad30,FALSE,
B002-029,7664587315726338697,来了义乌才知道，原来自己生活在巨大的信息差里，刷新了我对赚钱的认知。#义乌 #义乌小商品 #世界工厂,,,,197.8,赚钱逻辑,,VIRAL,HIGH_PERF,349342,16493,165864,248541,True,True,True,True,True,COMPLETE,108,996,1.0,True,TRUE,TRUE,TRUE,,55d41a5d6567a04d,55d41a5d6567a04d,28cb1039e3b5e10e,FALSE,
B002-030,7666798588350065338,我现在看到了满地商机。 #AI #商机 #自媒体,,,,184.2,信息差,,VIRAL,HIGH_PERF,1475303,17931,643846,323873,True,True,True,True,True,COMPLETE,89,1116,0.98,True,TRUE,TRUE,TRUE,,c68a0fe4eef99755,c68a0fe4eef99755,791041604c6bbbc1,FALSE,
B002-031,7672348685107679924,"年入千万=1万个人，每人每天心甘情愿给你20块
#商业模式#搞钱#财富思维#赚钱#认知",,,,103.3,赚钱逻辑,,VIRAL,HIGH_PERF,266585,1643,61267,68498,True,True,True,True,True,COMPLETE,73,693,0.99,True,TRUE,TRUE,TRUE,,bcc24546a5c36ba8,bcc24546a5c36ba8,2a0e827cc0b58676,FALSE,
B002-032,7673172635974421760,被人怼时一秒回击：别解释，一开口你就输了 #个人成长 #职场那些事 #职场反击 #职场干货 #认知觉醒,,,,233.5,能力变现,,VIRAL,HIGH_PERF,706117,18659,410256,301003,True,True,True,True,True,COMPLETE,164,1452,1.0,True,TRUE,TRUE,TRUE,,c6c20e2038740302,c6c20e2038740302,18a078016e18643e,FALSE,
